Interface,No.,Time,Source,Destination,Protocol,Length,Info
s1-eth1,1,2024-11-18 06:50:38.676,fe80::21d:9cff:fec7:b070,ff02::16,ICMPV6,90,ICMPV6
s1-eth1,2,2024-11-18 06:50:38.676,fe80::21d:9cff:fec7:b070,ff02::2,ICMPV6,70,ICMPV6
s1-eth1,3,2024-11-18 06:50:38.696,fe80::98de:5bff:fea6:a8b9,ff02::fb,MDNS,227,MDNS
s1-eth1,4,2024-11-18 06:50:38.727,fe80::21d:9cff:fec7:b070,ff02::16,ICMPV6,90,ICMPV6
s1-eth3,1,2024-11-18 06:50:38.762,fe80::d0e5:f6ff:fe46:4fd5,ff02::fb,MDNS,227,MDNS
s1-eth1,5,2024-11-18 06:50:38.868,fe80::98de:5bff:fea6:a8b9,ff02::16,ICMPV6,90,ICMPV6
s1-eth3,2,2024-11-18 06:50:38.962,fe80::d0e5:f6ff:fe46:4fd5,ff02::fb,MDNS,215,MDNS
s1-eth1,6,2024-11-18 06:50:38.896,fe80::98de:5bff:fea6:a8b9,ff02::fb,MDNS,215,MDNS
s1-eth3,3,2024-11-18 06:50:39.124,fe80::21d:9cff:fec8:bdf2,ff02::16,ICMPV6,90,ICMPV6
s1-eth1,7,2024-11-18 06:50:39.075,fe80::98de:5bff:fea6:a8b9,ff02::fb,MDNS,107,MDNS
s1-eth2,1,2024-11-18 06:50:38.740,fe80::c87a:deff:fe55:81fe,ff02::16,ICMPV6,90,ICMPV6
s1-eth2,2,2024-11-18 06:50:38.740,fe80::c87a:deff:fe55:81fe,ff02::2,ICMPV6,70,ICMPV6
s1-eth2,3,2024-11-18 06:50:38.743,fe80::c87a:deff:fe55:81fe,ff02::16,ICMPV6,90,ICMPV6
s1-eth2,4,2024-11-18 06:50:38.841,fe80::c87a:deff:fe55:81fe,ff02::fb,MDNS,107,MDNS
s1-eth2,5,2024-11-18 06:50:38.961,fe80::c87a:deff:fe55:81fe,ff02::fb,MDNS,227,MDNS
s1-eth2,6,2024-11-18 06:50:38.980,fe80::c87a:deff:fe55:81fe,ff02::16,ICMPV6,110,ICMPV6
s1-eth2,7,2024-11-18 06:50:39.132,fe80::c87a:deff:fe55:81fe,ff02::16,ICMPV6,90,ICMPV6
s1-eth3,4,2024-11-18 06:50:39.141,fe80::d0e5:f6ff:fe46:4fd5,ff02::fb,MDNS,107,MDNS
s1-eth1,8,2024-11-18 06:50:39.144,192.168.1.10,192.168.1.20,TCP,74,54960 → 44818 0x0002
s1-eth2,8,2024-11-18 06:50:39.144,192.168.1.10,192.168.1.20,TCP,74,54960 → 44818 0x0002
s1-eth2,9,2024-11-18 06:50:39.144,192.168.1.20,192.168.1.10,TCP,74,44818 → 54960 0x0012
s1-eth1,9,2024-11-18 06:50:39.144,192.168.1.20,192.168.1.10,TCP,74,44818 → 54960 0x0012
s1-eth2,10,2024-11-18 06:50:39.144,192.168.1.10,192.168.1.20,TCP,66,54960 → 44818 0x0010
s1-eth1,10,2024-11-18 06:50:39.144,192.168.1.10,192.168.1.20,TCP,66,54960 → 44818 0x0010
s1-eth1,11,2024-11-18 06:50:39.172,192.168.1.10,192.168.1.20,ENIP,94,Command: 0x0065
s1-eth2,11,2024-11-18 06:50:39.173,192.168.1.10,192.168.1.20,ENIP,94,Command: 0x0065
s1-eth1,12,2024-11-18 06:50:39.173,192.168.1.20,192.168.1.10,TCP,66,44818 → 54960 0x0010
s1-eth1,13,2024-11-18 06:50:39.178,192.168.1.20,192.168.1.10,ENIP,94,Command: 0x0065
s1-eth1,14,2024-11-18 06:50:39.178,192.168.1.10,192.168.1.20,TCP,66,54960 → 44818 0x0010
s1-eth1,15,2024-11-18 06:50:39.180,192.168.1.10,192.168.1.20,CIPCM,134,Command: 0x006f
s1-eth2,12,2024-11-18 06:50:39.173,192.168.1.20,192.168.1.10,TCP,66,44818 → 54960 0x0010
s1-eth2,13,2024-11-18 06:50:39.178,192.168.1.20,192.168.1.10,ENIP,94,Command: 0x0065
s1-eth2,14,2024-11-18 06:50:39.178,192.168.1.10,192.168.1.20,TCP,66,54960 → 44818 0x0010
s1-eth1,16,2024-11-18 06:50:39.193,192.168.1.20,192.168.1.10,CIPCM,116,Command: 0x006f
s1-eth1,17,2024-11-18 06:50:39.198,192.168.1.10,192.168.1.20,TCP,66,54960 → 44818 0x0011
s1-eth1,18,2024-11-18 06:50:39.198,192.168.1.20,192.168.1.10,TCP,66,44818 → 54960 0x0011
s1-eth1,19,2024-11-18 06:50:39.199,192.168.1.10,192.168.1.20,TCP,66,54960 → 44818 0x0010
s1-eth1,20,2024-11-18 06:50:39.432,192.168.1.10,192.168.1.30,TCP,74,46272 → 44818 0x0002
s1-eth3,5,2024-11-18 06:50:39.432,192.168.1.10,192.168.1.30,TCP,74,46272 → 44818 0x0002
s1-eth3,6,2024-11-18 06:50:39.432,192.168.1.30,192.168.1.10,TCP,74,44818 → 46272 0x0012
s1-eth2,15,2024-11-18 06:50:39.180,192.168.1.10,192.168.1.20,CIPCM,134,Command: 0x006f
s1-eth2,16,2024-11-18 06:50:39.193,192.168.1.20,192.168.1.10,CIPCM,116,Command: 0x006f
s1-eth2,17,2024-11-18 06:50:39.198,192.168.1.10,192.168.1.20,TCP,66,54960 → 44818 0x0011
s1-eth1,21,2024-11-18 06:50:39.432,192.168.1.30,192.168.1.10,TCP,74,44818 → 46272 0x0012
s1-eth1,22,2024-11-18 06:50:39.432,192.168.1.10,192.168.1.30,TCP,66,46272 → 44818 0x0010
s1-eth3,7,2024-11-18 06:50:39.432,192.168.1.10,192.168.1.30,TCP,66,46272 → 44818 0x0010
s1-eth1,23,2024-11-18 06:50:39.461,192.168.1.10,192.168.1.30,ENIP,94,Command: 0x0065
s1-eth3,8,2024-11-18 06:50:39.461,192.168.1.10,192.168.1.30,ENIP,94,Command: 0x0065
s1-eth3,9,2024-11-18 06:50:39.461,192.168.1.30,192.168.1.10,TCP,66,44818 → 46272 0x0010
s1-eth1,24,2024-11-18 06:50:39.461,192.168.1.30,192.168.1.10,TCP,66,44818 → 46272 0x0010
s1-eth2,18,2024-11-18 06:50:39.198,192.168.1.20,192.168.1.10,TCP,66,44818 → 54960 0x0011
s1-eth2,19,2024-11-18 06:50:39.199,192.168.1.10,192.168.1.20,TCP,66,54960 → 44818 0x0010
s1-eth2,20,2024-11-18 06:50:39.211,fe80::c87a:deff:fe55:81fe,ff02::fb,MDNS,227,MDNS
s1-eth2,21,2024-11-18 06:50:39.461,fe80::c87a:deff:fe55:81fe,ff02::fb,MDNS,227,MDNS
s1-eth3,10,2024-11-18 06:50:39.464,192.168.1.30,192.168.1.10,ENIP,94,Command: 0x0065
s1-eth1,25,2024-11-18 06:50:39.464,192.168.1.30,192.168.1.10,ENIP,94,Command: 0x0065
s1-eth1,26,2024-11-18 06:50:39.464,192.168.1.10,192.168.1.30,TCP,66,46272 → 44818 0x0010
s1-eth3,11,2024-11-18 06:50:39.464,192.168.1.10,192.168.1.30,TCP,66,46272 → 44818 0x0010
s1-eth1,27,2024-11-18 06:50:39.466,192.168.1.10,192.168.1.30,CIPCM,134,Command: 0x006f
s1-eth3,12,2024-11-18 06:50:39.466,192.168.1.10,192.168.1.30,CIPCM,134,Command: 0x006f
s1-eth3,13,2024-11-18 06:50:39.478,192.168.1.30,192.168.1.10,CIPCM,116,Command: 0x006f
s1-eth1,28,2024-11-18 06:50:39.478,192.168.1.30,192.168.1.10,CIPCM,116,Command: 0x006f
s1-eth1,29,2024-11-18 06:50:39.482,192.168.1.10,192.168.1.30,TCP,66,46272 → 44818 0x0011
s1-eth3,14,2024-11-18 06:50:39.482,192.168.1.10,192.168.1.30,TCP,66,46272 → 44818 0x0011
s1-eth3,15,2024-11-18 06:50:39.483,192.168.1.30,192.168.1.10,TCP,66,44818 → 46272 0x0011
s1-eth1,30,2024-11-18 06:50:39.483,192.168.1.30,192.168.1.10,TCP,66,44818 → 46272 0x0011
s1-eth1,31,2024-11-18 06:50:39.483,192.168.1.10,192.168.1.30,TCP,66,46272 → 44818 0x0010
s1-eth3,16,2024-11-18 06:50:39.483,192.168.1.10,192.168.1.30,TCP,66,46272 → 44818 0x0010
s1-eth2,22,2024-11-18 06:50:39.661,fe80::c87a:deff:fe55:81fe,ff02::fb,MDNS,215,MDNS
s1-eth2,23,2024-11-18 06:50:39.842,fe80::c87a:deff:fe55:81fe,ff02::fb,MDNS,107,MDNS
s1-eth1,32,2024-11-18 06:50:40.066,fe80::98de:5bff:fea6:a8b9,ff02::fb,MDNS,215,MDNS
s1-eth3,17,2024-11-18 06:50:40.132,fe80::d0e5:f6ff:fe46:4fd5,ff02::fb,MDNS,215,MDNS
s1-eth1,33,2024-11-18 06:50:40.440,192.168.1.10,192.168.1.20,TCP,74,54966 → 44818 0x0002
s1-eth1,34,2024-11-18 06:50:40.440,192.168.1.20,192.168.1.10,TCP,74,44818 → 54966 0x0012
s1-eth1,35,2024-11-18 06:50:40.440,192.168.1.10,192.168.1.20,TCP,66,54966 → 44818 0x0010
s1-eth1,36,2024-11-18 06:50:40.470,192.168.1.10,192.168.1.20,ENIP,94,Command: 0x0065
s1-eth1,37,2024-11-18 06:50:40.470,192.168.1.20,192.168.1.10,TCP,66,44818 → 54966 0x0010
s1-eth1,38,2024-11-18 06:50:40.473,192.168.1.20,192.168.1.10,ENIP,94,Command: 0x0065
s1-eth1,39,2024-11-18 06:50:40.474,192.168.1.10,192.168.1.20,TCP,66,54966 → 44818 0x0010
s1-eth2,24,2024-11-18 06:50:40.440,192.168.1.10,192.168.1.20,TCP,74,54966 → 44818 0x0002
s1-eth2,25,2024-11-18 06:50:40.440,192.168.1.20,192.168.1.10,TCP,74,44818 → 54966 0x0012
s1-eth2,26,2024-11-18 06:50:40.440,192.168.1.10,192.168.1.20,TCP,66,54966 → 44818 0x0010
s1-eth1,40,2024-11-18 06:50:40.475,192.168.1.10,192.168.1.20,CIPCM,134,Command: 0x006f
s1-eth1,41,2024-11-18 06:50:40.492,192.168.1.20,192.168.1.10,CIPCM,116,Command: 0x006f
s1-eth1,42,2024-11-18 06:50:40.497,192.168.1.10,192.168.1.20,TCP,66,54966 → 44818 0x0011
s1-eth2,27,2024-11-18 06:50:40.470,192.168.1.10,192.168.1.20,ENIP,94,Command: 0x0065
s1-eth1,43,2024-11-18 06:50:40.497,192.168.1.20,192.168.1.10,TCP,66,44818 → 54966 0x0011
s1-eth2,28,2024-11-18 06:50:40.470,192.168.1.20,192.168.1.10,TCP,66,44818 → 54966 0x0010
s1-eth1,44,2024-11-18 06:50:40.497,192.168.1.10,192.168.1.20,TCP,66,54966 → 44818 0x0010
s1-eth2,29,2024-11-18 06:50:40.473,192.168.1.20,192.168.1.10,ENIP,94,Command: 0x0065
s1-eth2,30,2024-11-18 06:50:40.474,192.168.1.10,192.168.1.20,TCP,66,54966 → 44818 0x0010
s1-eth2,31,2024-11-18 06:50:40.475,192.168.1.10,192.168.1.20,CIPCM,134,Command: 0x006f
s1-eth2,32,2024-11-18 06:50:40.492,192.168.1.20,192.168.1.10,CIPCM,116,Command: 0x006f
s1-eth2,33,2024-11-18 06:50:40.497,192.168.1.10,192.168.1.20,TCP,66,54966 → 44818 0x0011
s1-eth2,34,2024-11-18 06:50:40.497,192.168.1.20,192.168.1.10,TCP,66,44818 → 54966 0x0011
s1-eth2,35,2024-11-18 06:50:40.497,192.168.1.10,192.168.1.20,TCP,66,54966 → 44818 0x0010
s1-eth1,45,2024-11-18 06:50:40.729,192.168.1.10,192.168.1.30,TCP,74,46282 → 44818 0x0002
s1-eth1,46,2024-11-18 06:50:40.729,192.168.1.30,192.168.1.10,TCP,74,44818 → 46282 0x0012
s1-eth3,18,2024-11-18 06:50:40.729,192.168.1.10,192.168.1.30,TCP,74,46282 → 44818 0x0002
s1-eth1,47,2024-11-18 06:50:40.729,192.168.1.10,192.168.1.30,TCP,66,46282 → 44818 0x0010
s1-eth1,48,2024-11-18 06:50:40.760,192.168.1.10,192.168.1.30,ENIP,94,Command: 0x0065
s1-eth1,49,2024-11-18 06:50:40.760,192.168.1.30,192.168.1.10,TCP,66,44818 → 46282 0x0010
s1-eth1,50,2024-11-18 06:50:40.763,192.168.1.30,192.168.1.10,ENIP,94,Command: 0x0065
s1-eth1,51,2024-11-18 06:50:40.763,192.168.1.10,192.168.1.30,TCP,66,46282 → 44818 0x0010
s1-eth1,52,2024-11-18 06:50:40.765,192.168.1.10,192.168.1.30,CIPCM,134,Command: 0x006f
s1-eth2,36,2024-11-18 06:50:40.831,fe80::c87a:deff:fe55:81fe,ff02::fb,MDNS,215,MDNS
s1-eth1,53,2024-11-18 06:50:40.778,192.168.1.30,192.168.1.10,CIPCM,116,Command: 0x006f
s1-eth3,19,2024-11-18 06:50:40.729,192.168.1.30,192.168.1.10,TCP,74,44818 → 46282 0x0012
s1-eth1,54,2024-11-18 06:50:40.781,192.168.1.10,192.168.1.30,TCP,66,46282 → 44818 0x0011
s1-eth1,55,2024-11-18 06:50:40.781,192.168.1.30,192.168.1.10,TCP,66,44818 → 46282 0x0011
s1-eth3,20,2024-11-18 06:50:40.729,192.168.1.10,192.168.1.30,TCP,66,46282 → 44818 0x0010
s1-eth3,21,2024-11-18 06:50:40.760,192.168.1.10,192.168.1.30,ENIP,94,Command: 0x0065
s1-eth3,22,2024-11-18 06:50:40.760,192.168.1.30,192.168.1.10,TCP,66,44818 → 46282 0x0010
s1-eth3,23,2024-11-18 06:50:40.763,192.168.1.30,192.168.1.10,ENIP,94,Command: 0x0065
s1-eth1,56,2024-11-18 06:50:40.781,192.168.1.10,192.168.1.30,TCP,66,46282 → 44818 0x0010
s1-eth3,24,2024-11-18 06:50:40.763,192.168.1.10,192.168.1.30,TCP,66,46282 → 44818 0x0010
s1-eth3,25,2024-11-18 06:50:40.765,192.168.1.10,192.168.1.30,CIPCM,134,Command: 0x006f
s1-eth3,26,2024-11-18 06:50:40.778,192.168.1.30,192.168.1.10,CIPCM,116,Command: 0x006f
s1-eth3,27,2024-11-18 06:50:40.781,192.168.1.10,192.168.1.30,TCP,66,46282 → 44818 0x0011
s1-eth3,28,2024-11-18 06:50:40.781,192.168.1.30,192.168.1.10,TCP,66,44818 → 46282 0x0011
s1-eth3,29,2024-11-18 06:50:40.781,192.168.1.10,192.168.1.30,TCP,66,46282 → 44818 0x0010
s1-eth1,57,2024-11-18 06:50:41.075,fe80::98de:5bff:fea6:a8b9,ff02::fb,MDNS,107,MDNS
s1-eth3,30,2024-11-18 06:50:41.142,fe80::d0e5:f6ff:fe46:4fd5,ff02::fb,MDNS,107,MDNS
s1-eth3,31,2024-11-18 06:50:42.004,fe80::21d:9cff:fec8:bdf2,ff02::2,ICMPV6,70,ICMPV6
s1-eth2,37,2024-11-18 06:50:41.842,fe80::c87a:deff:fe55:81fe,ff02::fb,MDNS,107,MDNS
s1-eth1,58,2024-11-18 06:50:42.135,192.168.1.10,192.168.1.20,TCP,74,36906 → 44818 0x0002
s1-eth1,59,2024-11-18 06:50:42.135,192.168.1.20,192.168.1.10,TCP,74,44818 → 36906 0x0012
s1-eth1,60,2024-11-18 06:50:42.135,192.168.1.10,192.168.1.20,TCP,66,36906 → 44818 0x0010
s1-eth3,32,2024-11-18 06:50:42.302,fe80::d0e5:f6ff:fe46:4fd5,ff02::fb,MDNS,215,MDNS
s1-eth1,61,2024-11-18 06:50:42.166,192.168.1.10,192.168.1.20,ENIP,94,Command: 0x0065
s1-eth2,38,2024-11-18 06:50:42.135,192.168.1.10,192.168.1.20,TCP,74,36906 → 44818 0x0002
s1-eth1,62,2024-11-18 06:50:42.166,192.168.1.20,192.168.1.10,TCP,66,44818 → 36906 0x0010
s1-eth1,63,2024-11-18 06:50:42.169,192.168.1.20,192.168.1.10,ENIP,94,Command: 0x0065
s1-eth1,64,2024-11-18 06:50:42.169,192.168.1.10,192.168.1.20,TCP,66,36906 → 44818 0x0010
s1-eth3,33,2024-11-18 06:50:42.388,fe80::d0e5:f6ff:fe46:4fd5,ff02::2,ICMPV6,70,ICMPV6
s1-eth3,34,2024-11-18 06:50:42.477,192.168.1.10,192.168.1.30,TCP,74,60092 → 44818 0x0002
s1-eth3,35,2024-11-18 06:50:42.477,192.168.1.30,192.168.1.10,TCP,74,44818 → 60092 0x0012
s1-eth3,36,2024-11-18 06:50:42.477,192.168.1.10,192.168.1.30,TCP,66,60092 → 44818 0x0010
s1-eth1,65,2024-11-18 06:50:42.171,192.168.1.10,192.168.1.20,CIPCM,134,Command: 0x006f
s1-eth2,39,2024-11-18 06:50:42.135,192.168.1.20,192.168.1.10,TCP,74,44818 → 36906 0x0012
s1-eth2,40,2024-11-18 06:50:42.135,192.168.1.10,192.168.1.20,TCP,66,36906 → 44818 0x0010
s1-eth2,41,2024-11-18 06:50:42.166,192.168.1.10,192.168.1.20,ENIP,94,Command: 0x0065
s1-eth2,42,2024-11-18 06:50:42.166,192.168.1.20,192.168.1.10,TCP,66,44818 → 36906 0x0010
s1-eth2,43,2024-11-18 06:50:42.169,192.168.1.20,192.168.1.10,ENIP,94,Command: 0x0065
s1-eth2,44,2024-11-18 06:50:42.169,192.168.1.10,192.168.1.20,TCP,66,36906 → 44818 0x0010
s1-eth2,45,2024-11-18 06:50:42.171,192.168.1.10,192.168.1.20,CIPCM,134,Command: 0x006f
s1-eth1,66,2024-11-18 06:50:42.184,192.168.1.20,192.168.1.10,CIPCM,116,Command: 0x006f
s1-eth1,67,2024-11-18 06:50:42.187,192.168.1.10,192.168.1.20,TCP,66,36906 → 44818 0x0011
s1-eth1,68,2024-11-18 06:50:42.188,192.168.1.20,192.168.1.10,TCP,66,44818 → 36906 0x0011
s1-eth1,69,2024-11-18 06:50:42.188,192.168.1.10,192.168.1.20,TCP,66,36906 → 44818 0x0010
s1-eth2,46,2024-11-18 06:50:42.184,192.168.1.20,192.168.1.10,CIPCM,116,Command: 0x006f
s1-eth2,47,2024-11-18 06:50:42.187,192.168.1.10,192.168.1.20,TCP,66,36906 → 44818 0x0011
s1-eth2,48,2024-11-18 06:50:42.188,192.168.1.20,192.168.1.10,TCP,66,44818 → 36906 0x0011
s1-eth1,70,2024-11-18 06:50:42.236,fe80::98de:5bff:fea6:a8b9,ff02::fb,MDNS,215,MDNS
s1-eth1,71,2024-11-18 06:50:42.388,fe80::98de:5bff:fea6:a8b9,ff02::2,ICMPV6,70,ICMPV6
s1-eth1,72,2024-11-18 06:50:42.477,192.168.1.10,192.168.1.30,TCP,74,60092 → 44818 0x0002
s1-eth1,73,2024-11-18 06:50:42.477,192.168.1.30,192.168.1.10,TCP,74,44818 → 60092 0x0012
s1-eth3,37,2024-11-18 06:50:42.547,192.168.1.10,192.168.1.30,ENIP,94,Command: 0x0065
s1-eth3,38,2024-11-18 06:50:42.547,192.168.1.30,192.168.1.10,TCP,66,44818 → 60092 0x0010
s1-eth3,39,2024-11-18 06:50:42.548,192.168.1.30,192.168.1.10,ENIP,94,Command: 0x0065
s1-eth2,49,2024-11-18 06:50:42.188,192.168.1.10,192.168.1.20,TCP,66,36906 → 44818 0x0010
s1-eth2,50,2024-11-18 06:50:42.388,fe80::21d:9cff:fec8:bc46,ff02::2,ICMPV6,70,ICMPV6
s1-eth1,74,2024-11-18 06:50:42.477,192.168.1.10,192.168.1.30,TCP,66,60092 → 44818 0x0010
s1-eth1,75,2024-11-18 06:50:42.547,192.168.1.10,192.168.1.30,ENIP,94,Command: 0x0065
s1-eth3,40,2024-11-18 06:50:42.548,192.168.1.10,192.168.1.30,TCP,66,60092 → 44818 0x0010
s1-eth3,41,2024-11-18 06:50:42.550,192.168.1.10,192.168.1.30,CIPCM,134,Command: 0x006f
s1-eth3,42,2024-11-18 06:50:42.557,192.168.1.30,192.168.1.10,CIPCM,116,Command: 0x006f
s1-eth3,43,2024-11-18 06:50:42.562,192.168.1.10,192.168.1.30,TCP,66,60092 → 44818 0x0011
s1-eth3,44,2024-11-18 06:50:42.563,192.168.1.30,192.168.1.10,TCP,66,44818 → 60092 0x0011
s1-eth3,45,2024-11-18 06:50:42.563,192.168.1.10,192.168.1.30,TCP,66,60092 → 44818 0x0010
s1-eth1,76,2024-11-18 06:50:42.547,192.168.1.30,192.168.1.10,TCP,66,44818 → 60092 0x0010
s1-eth1,77,2024-11-18 06:50:42.548,192.168.1.30,192.168.1.10,ENIP,94,Command: 0x0065
s1-eth1,78,2024-11-18 06:50:42.548,192.168.1.10,192.168.1.30,TCP,66,60092 → 44818 0x0010
s1-eth1,79,2024-11-18 06:50:42.550,192.168.1.10,192.168.1.30,CIPCM,134,Command: 0x006f
s1-eth1,80,2024-11-18 06:50:42.557,192.168.1.30,192.168.1.10,CIPCM,116,Command: 0x006f
s1-eth1,81,2024-11-18 06:50:42.562,192.168.1.10,192.168.1.30,TCP,66,60092 → 44818 0x0011
s1-eth1,82,2024-11-18 06:50:42.563,192.168.1.30,192.168.1.10,TCP,66,44818 → 60092 0x0011
s1-eth1,83,2024-11-18 06:50:42.563,192.168.1.10,192.168.1.30,TCP,66,60092 → 44818 0x0010
s1-eth1,84,2024-11-18 06:50:42.900,fe80::21d:9cff:fec7:b070,ff02::2,ICMPV6,70,ICMPV6
s1-eth2,51,2024-11-18 06:50:42.708,fe80::c87a:deff:fe55:81fe,ff02::2,ICMPV6,70,ICMPV6
s1-eth2,52,2024-11-18 06:50:43.001,fe80::c87a:deff:fe55:81fe,ff02::fb,MDNS,215,MDNS
s1-eth1,85,2024-11-18 06:50:43.284,192.168.1.10,192.168.1.20,TCP,74,36910 → 44818 0x0002
s1-eth1,86,2024-11-18 06:50:43.284,192.168.1.20,192.168.1.10,TCP,74,44818 → 36910 0x0012
s1-eth1,87,2024-11-18 06:50:43.284,192.168.1.10,192.168.1.20,TCP,66,36910 → 44818 0x0010
s1-eth1,88,2024-11-18 06:50:43.318,192.168.1.10,192.168.1.20,ENIP,94,Command: 0x0065
s1-eth2,53,2024-11-18 06:50:43.284,192.168.1.10,192.168.1.20,TCP,74,36910 → 44818 0x0002
s1-eth1,89,2024-11-18 06:50:43.318,192.168.1.20,192.168.1.10,TCP,66,44818 → 36910 0x0010
s1-eth1,90,2024-11-18 06:50:43.321,192.168.1.20,192.168.1.10,ENIP,94,Command: 0x0065
s1-eth2,54,2024-11-18 06:50:43.284,192.168.1.20,192.168.1.10,TCP,74,44818 → 36910 0x0012
s1-eth1,91,2024-11-18 06:50:43.321,192.168.1.10,192.168.1.20,TCP,66,36910 → 44818 0x0010
s1-eth2,55,2024-11-18 06:50:43.284,192.168.1.10,192.168.1.20,TCP,66,36910 → 44818 0x0010
s1-eth2,56,2024-11-18 06:50:43.318,192.168.1.10,192.168.1.20,ENIP,94,Command: 0x0065
s1-eth2,57,2024-11-18 06:50:43.318,192.168.1.20,192.168.1.10,TCP,66,44818 → 36910 0x0010
s1-eth2,58,2024-11-18 06:50:43.321,192.168.1.20,192.168.1.10,ENIP,94,Command: 0x0065
s1-eth2,59,2024-11-18 06:50:43.321,192.168.1.10,192.168.1.20,TCP,66,36910 → 44818 0x0010
s1-eth1,92,2024-11-18 06:50:43.326,192.168.1.10,192.168.1.20,CIPCM,134,Command: 0x006f
s1-eth1,93,2024-11-18 06:50:43.341,192.168.1.20,192.168.1.10,CIPCM,116,Command: 0x006f
s1-eth1,94,2024-11-18 06:50:43.351,192.168.1.10,192.168.1.20,TCP,66,36910 → 44818 0x0011
s1-eth1,95,2024-11-18 06:50:43.351,192.168.1.20,192.168.1.10,TCP,66,44818 → 36910 0x0011
s1-eth1,96,2024-11-18 06:50:43.351,192.168.1.10,192.168.1.20,TCP,66,36910 → 44818 0x0010
s1-eth2,60,2024-11-18 06:50:43.326,192.168.1.10,192.168.1.20,CIPCM,134,Command: 0x006f
s1-eth2,61,2024-11-18 06:50:43.341,192.168.1.20,192.168.1.10,CIPCM,116,Command: 0x006f
s1-eth2,62,2024-11-18 06:50:43.351,192.168.1.10,192.168.1.20,TCP,66,36910 → 44818 0x0011
s1-eth2,63,2024-11-18 06:50:43.351,192.168.1.20,192.168.1.10,TCP,66,44818 → 36910 0x0011
s1-eth2,64,2024-11-18 06:50:43.351,192.168.1.10,192.168.1.20,TCP,66,36910 → 44818 0x0010
s1-eth1,97,2024-11-18 06:50:43.633,192.168.1.10,192.168.1.30,TCP,74,60098 → 44818 0x0002
s1-eth1,98,2024-11-18 06:50:43.633,192.168.1.30,192.168.1.10,TCP,74,44818 → 60098 0x0012
s1-eth3,46,2024-11-18 06:50:43.633,192.168.1.10,192.168.1.30,TCP,74,60098 → 44818 0x0002
s1-eth3,47,2024-11-18 06:50:43.633,192.168.1.30,192.168.1.10,TCP,74,44818 → 60098 0x0012
s1-eth1,99,2024-11-18 06:50:43.633,192.168.1.10,192.168.1.30,TCP,66,60098 → 44818 0x0010
s1-eth3,48,2024-11-18 06:50:43.633,192.168.1.10,192.168.1.30,TCP,66,60098 → 44818 0x0010
s1-eth1,100,2024-11-18 06:50:43.666,192.168.1.10,192.168.1.30,ENIP,94,Command: 0x0065
s1-eth3,49,2024-11-18 06:50:43.666,192.168.1.10,192.168.1.30,ENIP,94,Command: 0x0065
s1-eth3,50,2024-11-18 06:50:43.666,192.168.1.30,192.168.1.10,TCP,66,44818 → 60098 0x0010
s1-eth1,101,2024-11-18 06:50:43.666,192.168.1.30,192.168.1.10,TCP,66,44818 → 60098 0x0010
s1-eth1,102,2024-11-18 06:50:43.669,192.168.1.30,192.168.1.10,ENIP,94,Command: 0x0065
s1-eth1,103,2024-11-18 06:50:43.669,192.168.1.10,192.168.1.30,TCP,66,60098 → 44818 0x0010
s1-eth1,104,2024-11-18 06:50:43.671,192.168.1.10,192.168.1.30,CIPCM,134,Command: 0x006f
s1-eth3,51,2024-11-18 06:50:43.669,192.168.1.30,192.168.1.10,ENIP,94,Command: 0x0065
s1-eth1,105,2024-11-18 06:50:43.688,192.168.1.30,192.168.1.10,CIPCM,116,Command: 0x006f
s1-eth3,52,2024-11-18 06:50:43.669,192.168.1.10,192.168.1.30,TCP,66,60098 → 44818 0x0010
s1-eth3,53,2024-11-18 06:50:43.671,192.168.1.10,192.168.1.30,CIPCM,134,Command: 0x006f
s1-eth1,106,2024-11-18 06:50:43.693,192.168.1.10,192.168.1.30,TCP,66,60098 → 44818 0x0011
s1-eth1,107,2024-11-18 06:50:43.693,192.168.1.30,192.168.1.10,TCP,66,44818 → 60098 0x0011
s1-eth1,108,2024-11-18 06:50:43.693,192.168.1.10,192.168.1.30,TCP,66,60098 → 44818 0x0010
s1-eth3,54,2024-11-18 06:50:43.688,192.168.1.30,192.168.1.10,CIPCM,116,Command: 0x006f
s1-eth3,55,2024-11-18 06:50:43.693,192.168.1.10,192.168.1.30,TCP,66,60098 → 44818 0x0011
s1-eth3,56,2024-11-18 06:50:43.693,192.168.1.30,192.168.1.10,TCP,66,44818 → 60098 0x0011
s1-eth3,57,2024-11-18 06:50:43.693,192.168.1.10,192.168.1.30,TCP,66,60098 → 44818 0x0010
s1-eth1,109,2024-11-18 06:50:44.358,192.168.1.10,192.168.1.20,TCP,74,36914 → 44818 0x0002
s1-eth1,110,2024-11-18 06:50:44.358,192.168.1.20,192.168.1.10,TCP,74,44818 → 36914 0x0012
s1-eth1,111,2024-11-18 06:50:44.358,192.168.1.10,192.168.1.20,TCP,66,36914 → 44818 0x0010
s1-eth1,112,2024-11-18 06:50:44.386,192.168.1.10,192.168.1.20,TCP,74,36930 → 44818 0x0002
s1-eth1,113,2024-11-18 06:50:44.386,192.168.1.20,192.168.1.10,TCP,74,44818 → 36930 0x0012
s1-eth1,114,2024-11-18 06:50:44.386,192.168.1.10,192.168.1.20,TCP,66,36930 → 44818 0x0010
s1-eth1,115,2024-11-18 06:50:44.391,192.168.1.10,192.168.1.20,ENIP,94,Command: 0x0065
s1-eth1,116,2024-11-18 06:50:44.391,192.168.1.20,192.168.1.10,TCP,66,44818 → 36914 0x0010
s1-eth1,117,2024-11-18 06:50:44.393,192.168.1.20,192.168.1.10,ENIP,94,Command: 0x0065
s1-eth2,65,2024-11-18 06:50:44.358,192.168.1.10,192.168.1.20,TCP,74,36914 → 44818 0x0002
s1-eth2,66,2024-11-18 06:50:44.358,192.168.1.20,192.168.1.10,TCP,74,44818 → 36914 0x0012
s1-eth2,67,2024-11-18 06:50:44.358,192.168.1.10,192.168.1.20,TCP,66,36914 → 44818 0x0010
s1-eth1,118,2024-11-18 06:50:44.393,192.168.1.10,192.168.1.20,TCP,66,36914 → 44818 0x0010
s1-eth1,119,2024-11-18 06:50:44.395,192.168.1.10,192.168.1.20,CIPCM,134,Command: 0x006f
s1-eth1,120,2024-11-18 06:50:44.413,192.168.1.20,192.168.1.10,CIPCM,116,Command: 0x006f
s1-eth1,121,2024-11-18 06:50:44.417,192.168.1.10,192.168.1.20,ENIP,94,Command: 0x0065
s1-eth2,68,2024-11-18 06:50:44.386,192.168.1.10,192.168.1.20,TCP,74,36930 → 44818 0x0002
s1-eth2,69,2024-11-18 06:50:44.386,192.168.1.20,192.168.1.10,TCP,74,44818 → 36930 0x0012
s1-eth1,122,2024-11-18 06:50:44.417,192.168.1.20,192.168.1.10,TCP,66,44818 → 36930 0x0010
s1-eth2,70,2024-11-18 06:50:44.386,192.168.1.10,192.168.1.20,TCP,66,36930 → 44818 0x0010
s1-eth1,123,2024-11-18 06:50:44.418,192.168.1.10,192.168.1.20,TCP,66,36914 → 44818 0x0011
s1-eth2,71,2024-11-18 06:50:44.391,192.168.1.10,192.168.1.20,ENIP,94,Command: 0x0065
s1-eth2,72,2024-11-18 06:50:44.391,192.168.1.20,192.168.1.10,TCP,66,44818 → 36914 0x0010
s1-eth2,73,2024-11-18 06:50:44.393,192.168.1.20,192.168.1.10,ENIP,94,Command: 0x0065
s1-eth2,74,2024-11-18 06:50:44.393,192.168.1.10,192.168.1.20,TCP,66,36914 → 44818 0x0010
s1-eth1,124,2024-11-18 06:50:44.421,192.168.1.20,192.168.1.10,ENIP,94,Command: 0x0065
s1-eth1,125,2024-11-18 06:50:44.421,192.168.1.10,192.168.1.20,TCP,66,36930 → 44818 0x0010
s1-eth1,126,2024-11-18 06:50:44.421,192.168.1.20,192.168.1.10,TCP,66,44818 → 36914 0x0011
s1-eth1,127,2024-11-18 06:50:44.421,192.168.1.10,192.168.1.20,TCP,66,36914 → 44818 0x0010
s1-eth2,75,2024-11-18 06:50:44.395,192.168.1.10,192.168.1.20,CIPCM,134,Command: 0x006f
s1-eth1,128,2024-11-18 06:50:44.422,192.168.1.10,192.168.1.20,CIPCM,134,Command: 0x006f
s1-eth2,76,2024-11-18 06:50:44.413,192.168.1.20,192.168.1.10,CIPCM,116,Command: 0x006f
s1-eth2,77,2024-11-18 06:50:44.417,192.168.1.10,192.168.1.20,ENIP,94,Command: 0x0065
s1-eth1,129,2024-11-18 06:50:44.437,192.168.1.20,192.168.1.10,CIPCM,116,Command: 0x006f
s1-eth1,130,2024-11-18 06:50:44.443,192.168.1.10,192.168.1.20,TCP,66,36930 → 44818 0x0011
s1-eth1,131,2024-11-18 06:50:44.443,192.168.1.20,192.168.1.10,TCP,66,44818 → 36930 0x0011
s1-eth2,78,2024-11-18 06:50:44.417,192.168.1.20,192.168.1.10,TCP,66,44818 → 36930 0x0010
s1-eth1,132,2024-11-18 06:50:44.443,192.168.1.10,192.168.1.20,TCP,66,36930 → 44818 0x0010
s1-eth2,79,2024-11-18 06:50:44.418,192.168.1.10,192.168.1.20,TCP,66,36914 → 44818 0x0011
s1-eth2,80,2024-11-18 06:50:44.421,192.168.1.20,192.168.1.10,ENIP,94,Command: 0x0065
s1-eth2,81,2024-11-18 06:50:44.421,192.168.1.10,192.168.1.20,TCP,66,36930 → 44818 0x0010
s1-eth2,82,2024-11-18 06:50:44.421,192.168.1.20,192.168.1.10,TCP,66,44818 → 36914 0x0011
s1-eth2,83,2024-11-18 06:50:44.421,192.168.1.10,192.168.1.20,TCP,66,36914 → 44818 0x0010
s1-eth2,84,2024-11-18 06:50:44.422,192.168.1.10,192.168.1.20,CIPCM,134,Command: 0x006f
s1-eth2,85,2024-11-18 06:50:44.437,192.168.1.20,192.168.1.10,CIPCM,116,Command: 0x006f
s1-eth2,86,2024-11-18 06:50:44.443,192.168.1.10,192.168.1.20,TCP,66,36930 → 44818 0x0011
s1-eth2,87,2024-11-18 06:50:44.443,192.168.1.20,192.168.1.10,TCP,66,44818 → 36930 0x0011
s1-eth2,88,2024-11-18 06:50:44.443,192.168.1.10,192.168.1.20,TCP,66,36930 → 44818 0x0010
s1-eth1,133,2024-11-18 06:50:44.703,192.168.1.10,192.168.1.30,TCP,74,60102 → 44818 0x0002
s1-eth3,58,2024-11-18 06:50:44.703,192.168.1.10,192.168.1.30,TCP,74,60102 → 44818 0x0002
s1-eth1,134,2024-11-18 06:50:44.703,192.168.1.30,192.168.1.10,TCP,74,44818 → 60102 0x0012
s1-eth3,59,2024-11-18 06:50:44.703,192.168.1.30,192.168.1.10,TCP,74,44818 → 60102 0x0012
s1-eth1,135,2024-11-18 06:50:44.703,192.168.1.10,192.168.1.30,TCP,66,60102 → 44818 0x0010
s1-eth3,60,2024-11-18 06:50:44.703,192.168.1.10,192.168.1.30,TCP,66,60102 → 44818 0x0010
s1-eth1,136,2024-11-18 06:50:44.730,192.168.1.10,192.168.1.30,TCP,74,60116 → 44818 0x0002
s1-eth2,89,2024-11-18 06:50:44.927,192.168.1.10,192.168.1.20,TCP,74,36934 → 44818 0x0002
s1-eth2,90,2024-11-18 06:50:44.927,192.168.1.20,192.168.1.10,TCP,74,44818 → 36934 0x0012
s1-eth3,61,2024-11-18 06:50:44.730,192.168.1.10,192.168.1.30,TCP,74,60116 → 44818 0x0002
s1-eth1,137,2024-11-18 06:50:44.730,192.168.1.30,192.168.1.10,TCP,74,44818 → 60116 0x0012
s1-eth2,91,2024-11-18 06:50:44.927,192.168.1.10,192.168.1.20,TCP,66,36934 → 44818 0x0010
s1-eth3,62,2024-11-18 06:50:44.730,192.168.1.30,192.168.1.10,TCP,74,44818 → 60116 0x0012
s1-eth1,138,2024-11-18 06:50:44.730,192.168.1.10,192.168.1.30,TCP,66,60116 → 44818 0x0010
s1-eth3,63,2024-11-18 06:50:44.730,192.168.1.10,192.168.1.30,TCP,66,60116 → 44818 0x0010
s1-eth1,139,2024-11-18 06:50:44.735,192.168.1.10,192.168.1.30,ENIP,94,Command: 0x0065
s1-eth2,92,2024-11-18 06:50:44.960,192.168.1.10,192.168.1.20,ENIP,94,Command: 0x0065
s1-eth2,93,2024-11-18 06:50:44.960,192.168.1.20,192.168.1.10,TCP,66,44818 → 36934 0x0010
s1-eth3,64,2024-11-18 06:50:44.735,192.168.1.10,192.168.1.30,ENIP,94,Command: 0x0065
s1-eth1,140,2024-11-18 06:50:44.735,192.168.1.30,192.168.1.10,TCP,66,44818 → 60102 0x0010
s1-eth2,94,2024-11-18 06:50:44.965,192.168.1.20,192.168.1.10,ENIP,94,Command: 0x0065
s1-eth3,65,2024-11-18 06:50:44.735,192.168.1.30,192.168.1.10,TCP,66,44818 → 60102 0x0010
s1-eth2,95,2024-11-18 06:50:44.965,192.168.1.10,192.168.1.20,TCP,66,36934 → 44818 0x0010
s1-eth3,66,2024-11-18 06:50:44.739,192.168.1.30,192.168.1.10,ENIP,94,Command: 0x0065
s1-eth1,141,2024-11-18 06:50:44.739,192.168.1.30,192.168.1.10,ENIP,94,Command: 0x0065
s1-eth1,142,2024-11-18 06:50:44.739,192.168.1.10,192.168.1.30,TCP,66,60102 → 44818 0x0010
s1-eth3,67,2024-11-18 06:50:44.739,192.168.1.10,192.168.1.30,TCP,66,60102 → 44818 0x0010
s1-eth1,143,2024-11-18 06:50:44.741,192.168.1.10,192.168.1.30,CIPCM,134,Command: 0x006f
s1-eth3,68,2024-11-18 06:50:44.741,192.168.1.10,192.168.1.30,CIPCM,134,Command: 0x006f
s1-eth2,96,2024-11-18 06:50:44.967,192.168.1.10,192.168.1.20,CIPCM,134,Command: 0x006f
s1-eth1,144,2024-11-18 06:50:44.754,192.168.1.30,192.168.1.10,CIPCM,116,Command: 0x006f
s1-eth1,145,2024-11-18 06:50:44.759,192.168.1.10,192.168.1.30,TCP,66,60102 → 44818 0x0011
s1-eth2,97,2024-11-18 06:50:44.978,192.168.1.20,192.168.1.10,CIPCM,116,Command: 0x006f
s1-eth3,69,2024-11-18 06:50:44.754,192.168.1.30,192.168.1.10,CIPCM,116,Command: 0x006f
s1-eth3,70,2024-11-18 06:50:44.759,192.168.1.10,192.168.1.30,TCP,66,60102 → 44818 0x0011
s1-eth3,71,2024-11-18 06:50:44.759,192.168.1.30,192.168.1.10,TCP,66,44818 → 60102 0x0011
s1-eth1,146,2024-11-18 06:50:44.759,192.168.1.30,192.168.1.10,TCP,66,44818 → 60102 0x0011
s1-eth1,147,2024-11-18 06:50:44.759,192.168.1.10,192.168.1.30,TCP,66,60102 → 44818 0x0010
s1-eth3,72,2024-11-18 06:50:44.759,192.168.1.10,192.168.1.30,TCP,66,60102 → 44818 0x0010
s1-eth1,148,2024-11-18 06:50:44.762,192.168.1.10,192.168.1.30,ENIP,94,Command: 0x0065
s1-eth2,98,2024-11-18 06:50:44.983,192.168.1.10,192.168.1.20,TCP,66,36934 → 44818 0x0011
s1-eth2,99,2024-11-18 06:50:44.983,192.168.1.20,192.168.1.10,TCP,66,44818 → 36934 0x0011
s1-eth2,100,2024-11-18 06:50:44.983,192.168.1.10,192.168.1.20,TCP,66,36934 → 44818 0x0010
s1-eth3,73,2024-11-18 06:50:44.762,192.168.1.10,192.168.1.30,ENIP,94,Command: 0x0065
s1-eth3,74,2024-11-18 06:50:44.762,192.168.1.30,192.168.1.10,TCP,66,44818 → 60116 0x0010
s1-eth1,149,2024-11-18 06:50:44.762,192.168.1.30,192.168.1.10,TCP,66,44818 → 60116 0x0010
s1-eth3,75,2024-11-18 06:50:44.766,192.168.1.30,192.168.1.10,ENIP,94,Command: 0x0065
s1-eth1,150,2024-11-18 06:50:44.766,192.168.1.30,192.168.1.10,ENIP,94,Command: 0x0065
s1-eth1,151,2024-11-18 06:50:44.766,192.168.1.10,192.168.1.30,TCP,66,60116 → 44818 0x0010
s1-eth2,101,2024-11-18 06:50:44.988,192.168.1.10,192.168.1.20,TCP,74,36950 → 44818 0x0002
s1-eth2,102,2024-11-18 06:50:44.988,192.168.1.20,192.168.1.10,TCP,74,44818 → 36950 0x0012
s1-eth2,103,2024-11-18 06:50:44.988,192.168.1.10,192.168.1.20,TCP,66,36950 → 44818 0x0010
s1-eth2,104,2024-11-18 06:50:45.019,192.168.1.10,192.168.1.20,ENIP,94,Command: 0x0065
s1-eth3,76,2024-11-18 06:50:44.766,192.168.1.10,192.168.1.30,TCP,66,60116 → 44818 0x0010
s1-eth1,152,2024-11-18 06:50:44.767,192.168.1.10,192.168.1.30,CIPCM,134,Command: 0x006f
s1-eth3,77,2024-11-18 06:50:44.767,192.168.1.10,192.168.1.30,CIPCM,134,Command: 0x006f
s1-eth3,78,2024-11-18 06:50:44.780,192.168.1.30,192.168.1.10,CIPCM,116,Command: 0x006f
s1-eth1,153,2024-11-18 06:50:44.780,192.168.1.30,192.168.1.10,CIPCM,116,Command: 0x006f
s1-eth1,154,2024-11-18 06:50:44.784,192.168.1.10,192.168.1.30,TCP,66,60116 → 44818 0x0011
s1-eth2,105,2024-11-18 06:50:45.019,192.168.1.20,192.168.1.10,TCP,66,44818 → 36950 0x0010
s1-eth2,106,2024-11-18 06:50:45.023,192.168.1.20,192.168.1.10,ENIP,94,Command: 0x0065
s1-eth2,107,2024-11-18 06:50:45.023,192.168.1.10,192.168.1.20,TCP,66,36950 → 44818 0x0010
s1-eth3,79,2024-11-18 06:50:44.784,192.168.1.10,192.168.1.30,TCP,66,60116 → 44818 0x0011
s1-eth3,80,2024-11-18 06:50:44.785,192.168.1.30,192.168.1.10,TCP,66,44818 → 60116 0x0011
s1-eth1,155,2024-11-18 06:50:44.785,192.168.1.30,192.168.1.10,TCP,66,44818 → 60116 0x0011
s1-eth1,156,2024-11-18 06:50:44.785,192.168.1.10,192.168.1.30,TCP,66,60116 → 44818 0x0010
s1-eth3,81,2024-11-18 06:50:44.785,192.168.1.10,192.168.1.30,TCP,66,60116 → 44818 0x0010
s1-eth1,157,2024-11-18 06:50:44.927,192.168.1.10,192.168.1.20,TCP,74,36934 → 44818 0x0002
s1-eth2,108,2024-11-18 06:50:45.024,192.168.1.10,192.168.1.20,CIPCM,134,Command: 0x006f
s1-eth2,109,2024-11-18 06:50:45.038,192.168.1.20,192.168.1.10,CIPCM,116,Command: 0x006f
s1-eth2,110,2024-11-18 06:50:45.044,192.168.1.10,192.168.1.20,TCP,66,36950 → 44818 0x0011
s1-eth2,111,2024-11-18 06:50:45.044,192.168.1.20,192.168.1.10,TCP,66,44818 → 36950 0x0011
s1-eth2,112,2024-11-18 06:50:45.044,192.168.1.10,192.168.1.20,TCP,66,36950 → 44818 0x0010
s1-eth1,158,2024-11-18 06:50:44.927,192.168.1.20,192.168.1.10,TCP,74,44818 → 36934 0x0012
s1-eth1,159,2024-11-18 06:50:44.927,192.168.1.10,192.168.1.20,TCP,66,36934 → 44818 0x0010
s1-eth1,160,2024-11-18 06:50:44.960,192.168.1.10,192.168.1.20,ENIP,94,Command: 0x0065
s1-eth1,161,2024-11-18 06:50:44.960,192.168.1.20,192.168.1.10,TCP,66,44818 → 36934 0x0010
s1-eth3,82,2024-11-18 06:50:45.143,fe80::d0e5:f6ff:fe46:4fd5,ff02::fb,MDNS,107,MDNS
s1-eth3,83,2024-11-18 06:50:45.218,192.168.1.10,192.168.1.30,TCP,74,60124 → 44818 0x0002
s1-eth3,84,2024-11-18 06:50:45.218,192.168.1.30,192.168.1.10,TCP,74,44818 → 60124 0x0012
s1-eth1,162,2024-11-18 06:50:44.965,192.168.1.20,192.168.1.10,ENIP,94,Command: 0x0065
s1-eth3,85,2024-11-18 06:50:45.218,192.168.1.10,192.168.1.30,TCP,66,60124 → 44818 0x0010
s1-eth3,86,2024-11-18 06:50:45.250,192.168.1.10,192.168.1.30,ENIP,94,Command: 0x0065
s1-eth1,163,2024-11-18 06:50:44.965,192.168.1.10,192.168.1.20,TCP,66,36934 → 44818 0x0010
s1-eth1,164,2024-11-18 06:50:44.967,192.168.1.10,192.168.1.20,CIPCM,134,Command: 0x006f
s1-eth3,87,2024-11-18 06:50:45.250,192.168.1.30,192.168.1.10,TCP,66,44818 → 60124 0x0010
s1-eth1,165,2024-11-18 06:50:44.978,192.168.1.20,192.168.1.10,CIPCM,116,Command: 0x006f
s1-eth3,88,2024-11-18 06:50:45.253,192.168.1.30,192.168.1.10,ENIP,94,Command: 0x0065
s1-eth1,166,2024-11-18 06:50:44.983,192.168.1.10,192.168.1.20,TCP,66,36934 → 44818 0x0011
s1-eth1,167,2024-11-18 06:50:44.983,192.168.1.20,192.168.1.10,TCP,66,44818 → 36934 0x0011
s1-eth1,168,2024-11-18 06:50:44.983,192.168.1.10,192.168.1.20,TCP,66,36934 → 44818 0x0010
s1-eth3,89,2024-11-18 06:50:45.253,192.168.1.10,192.168.1.30,TCP,66,60124 → 44818 0x0010
s1-eth1,169,2024-11-18 06:50:44.988,192.168.1.10,192.168.1.20,TCP,74,36950 → 44818 0x0002
s1-eth1,170,2024-11-18 06:50:44.988,192.168.1.20,192.168.1.10,TCP,74,44818 → 36950 0x0012
s1-eth1,171,2024-11-18 06:50:44.988,192.168.1.10,192.168.1.20,TCP,66,36950 → 44818 0x0010
s1-eth1,172,2024-11-18 06:50:45.019,192.168.1.10,192.168.1.20,ENIP,94,Command: 0x0065
s1-eth3,90,2024-11-18 06:50:45.254,192.168.1.10,192.168.1.30,CIPCM,134,Command: 0x006f
s1-eth3,91,2024-11-18 06:50:45.268,192.168.1.30,192.168.1.10,CIPCM,116,Command: 0x006f
s1-eth3,92,2024-11-18 06:50:45.273,192.168.1.10,192.168.1.30,TCP,66,60124 → 44818 0x0011
s1-eth3,93,2024-11-18 06:50:45.273,192.168.1.30,192.168.1.10,TCP,66,44818 → 60124 0x0011
s1-eth1,173,2024-11-18 06:50:45.019,192.168.1.20,192.168.1.10,TCP,66,44818 → 36950 0x0010
s1-eth3,94,2024-11-18 06:50:45.273,192.168.1.10,192.168.1.30,TCP,66,60124 → 44818 0x0010
s1-eth1,174,2024-11-18 06:50:45.023,192.168.1.20,192.168.1.10,ENIP,94,Command: 0x0065
s1-eth1,175,2024-11-18 06:50:45.023,192.168.1.10,192.168.1.20,TCP,66,36950 → 44818 0x0010
s1-eth1,176,2024-11-18 06:50:45.024,192.168.1.10,192.168.1.20,CIPCM,134,Command: 0x006f
s1-eth3,95,2024-11-18 06:50:45.320,192.168.1.10,192.168.1.30,TCP,74,60126 → 44818 0x0002
s1-eth1,177,2024-11-18 06:50:45.038,192.168.1.20,192.168.1.10,CIPCM,116,Command: 0x006f
s1-eth3,96,2024-11-18 06:50:45.320,192.168.1.30,192.168.1.10,TCP,74,44818 → 60126 0x0012
s1-eth1,178,2024-11-18 06:50:45.044,192.168.1.10,192.168.1.20,TCP,66,36950 → 44818 0x0011
s1-eth3,97,2024-11-18 06:50:45.320,192.168.1.10,192.168.1.30,TCP,66,60126 → 44818 0x0010
s1-eth1,179,2024-11-18 06:50:45.044,192.168.1.20,192.168.1.10,TCP,66,44818 → 36950 0x0011
s1-eth3,98,2024-11-18 06:50:45.350,192.168.1.10,192.168.1.30,ENIP,94,Command: 0x0065
s1-eth1,180,2024-11-18 06:50:45.044,192.168.1.10,192.168.1.20,TCP,66,36950 → 44818 0x0010
s1-eth1,181,2024-11-18 06:50:45.075,fe80::98de:5bff:fea6:a8b9,ff02::fb,MDNS,107,MDNS
s1-eth1,182,2024-11-18 06:50:45.218,192.168.1.10,192.168.1.30,TCP,74,60124 → 44818 0x0002
s1-eth1,183,2024-11-18 06:50:45.218,192.168.1.30,192.168.1.10,TCP,74,44818 → 60124 0x0012
s1-eth3,99,2024-11-18 06:50:45.350,192.168.1.30,192.168.1.10,TCP,66,44818 → 60126 0x0010
s1-eth3,100,2024-11-18 06:50:45.354,192.168.1.30,192.168.1.10,ENIP,94,Command: 0x0065
s1-eth3,101,2024-11-18 06:50:45.354,192.168.1.10,192.168.1.30,TCP,66,60126 → 44818 0x0010
s1-eth3,102,2024-11-18 06:50:45.356,192.168.1.10,192.168.1.30,CIPCM,134,Command: 0x006f
s1-eth1,184,2024-11-18 06:50:45.218,192.168.1.10,192.168.1.30,TCP,66,60124 → 44818 0x0010
s1-eth3,103,2024-11-18 06:50:45.371,192.168.1.30,192.168.1.10,CIPCM,116,Command: 0x006f
s1-eth1,185,2024-11-18 06:50:45.250,192.168.1.10,192.168.1.30,ENIP,94,Command: 0x0065
s1-eth1,186,2024-11-18 06:50:45.250,192.168.1.30,192.168.1.10,TCP,66,44818 → 60124 0x0010
s1-eth1,187,2024-11-18 06:50:45.253,192.168.1.30,192.168.1.10,ENIP,94,Command: 0x0065
s1-eth1,188,2024-11-18 06:50:45.253,192.168.1.10,192.168.1.30,TCP,66,60124 → 44818 0x0010
s1-eth1,189,2024-11-18 06:50:45.254,192.168.1.10,192.168.1.30,CIPCM,134,Command: 0x006f
s1-eth3,104,2024-11-18 06:50:45.376,192.168.1.10,192.168.1.30,TCP,66,60126 → 44818 0x0011
s1-eth3,105,2024-11-18 06:50:45.377,192.168.1.30,192.168.1.10,TCP,66,44818 → 60126 0x0011
s1-eth3,106,2024-11-18 06:50:45.377,192.168.1.10,192.168.1.30,TCP,66,60126 → 44818 0x0010
s1-eth1,190,2024-11-18 06:50:45.268,192.168.1.30,192.168.1.10,CIPCM,116,Command: 0x006f
s1-eth1,191,2024-11-18 06:50:45.273,192.168.1.10,192.168.1.30,TCP,66,60124 → 44818 0x0011
s1-eth1,192,2024-11-18 06:50:45.273,192.168.1.30,192.168.1.10,TCP,66,44818 → 60124 0x0011
s1-eth1,193,2024-11-18 06:50:45.273,192.168.1.10,192.168.1.30,TCP,66,60124 → 44818 0x0010
s1-eth1,194,2024-11-18 06:50:45.320,192.168.1.10,192.168.1.30,TCP,74,60126 → 44818 0x0002
s1-eth1,195,2024-11-18 06:50:45.320,192.168.1.30,192.168.1.10,TCP,74,44818 → 60126 0x0012
s1-eth1,196,2024-11-18 06:50:45.320,192.168.1.10,192.168.1.30,TCP,66,60126 → 44818 0x0010
s1-eth1,197,2024-11-18 06:50:45.350,192.168.1.10,192.168.1.30,ENIP,94,Command: 0x0065
s1-eth1,198,2024-11-18 06:50:45.350,192.168.1.30,192.168.1.10,TCP,66,44818 → 60126 0x0010
s1-eth1,199,2024-11-18 06:50:45.354,192.168.1.30,192.168.1.10,ENIP,94,Command: 0x0065
s1-eth1,200,2024-11-18 06:50:45.354,192.168.1.10,192.168.1.30,TCP,66,60126 → 44818 0x0010
s1-eth1,201,2024-11-18 06:50:45.356,192.168.1.10,192.168.1.30,CIPCM,134,Command: 0x006f
s1-eth1,202,2024-11-18 06:50:45.371,192.168.1.30,192.168.1.10,CIPCM,116,Command: 0x006f
s1-eth1,203,2024-11-18 06:50:45.376,192.168.1.10,192.168.1.30,TCP,66,60126 → 44818 0x0011
s1-eth1,204,2024-11-18 06:50:45.377,192.168.1.30,192.168.1.10,TCP,66,44818 → 60126 0x0011
s1-eth1,205,2024-11-18 06:50:45.377,192.168.1.10,192.168.1.30,TCP,66,60126 → 44818 0x0010
s1-eth1,206,2024-11-18 06:50:45.991,192.168.1.10,192.168.1.20,TCP,74,36954 → 44818 0x0002
s1-eth1,207,2024-11-18 06:50:45.991,192.168.1.20,192.168.1.10,TCP,74,44818 → 36954 0x0012
s1-eth1,208,2024-11-18 06:50:45.991,192.168.1.10,192.168.1.20,TCP,66,36954 → 44818 0x0010
s1-eth1,209,2024-11-18 06:50:46.005,192.168.1.10,192.168.1.20,TCP,74,36970 → 44818 0x0002
s1-eth1,210,2024-11-18 06:50:46.005,192.168.1.20,192.168.1.10,TCP,74,44818 → 36970 0x0012
s1-eth1,211,2024-11-18 06:50:46.005,192.168.1.10,192.168.1.20,TCP,66,36970 → 44818 0x0010
s1-eth1,212,2024-11-18 06:50:46.017,192.168.1.10,192.168.1.20,TCP,74,36974 → 44818 0x0002
s1-eth2,113,2024-11-18 06:50:45.843,fe80::c87a:deff:fe55:81fe,ff02::fb,MDNS,107,MDNS
s1-eth2,114,2024-11-18 06:50:45.991,192.168.1.10,192.168.1.20,TCP,74,36954 → 44818 0x0002
s1-eth1,213,2024-11-18 06:50:46.017,192.168.1.20,192.168.1.10,TCP,74,44818 → 36974 0x0012
s1-eth1,214,2024-11-18 06:50:46.017,192.168.1.10,192.168.1.20,TCP,66,36974 → 44818 0x0010
s1-eth1,215,2024-11-18 06:50:46.023,192.168.1.10,192.168.1.20,ENIP,94,Command: 0x0065
s1-eth1,216,2024-11-18 06:50:46.023,192.168.1.20,192.168.1.10,TCP,66,44818 → 36954 0x0010
s1-eth2,115,2024-11-18 06:50:45.991,192.168.1.20,192.168.1.10,TCP,74,44818 → 36954 0x0012
s1-eth1,217,2024-11-18 06:50:46.032,192.168.1.20,192.168.1.10,ENIP,94,Command: 0x0065
s1-eth2,116,2024-11-18 06:50:45.991,192.168.1.10,192.168.1.20,TCP,66,36954 → 44818 0x0010
s1-eth1,218,2024-11-18 06:50:46.032,192.168.1.10,192.168.1.20,TCP,66,36954 → 44818 0x0010
s1-eth2,117,2024-11-18 06:50:46.005,192.168.1.10,192.168.1.20,TCP,74,36970 → 44818 0x0002
s1-eth2,118,2024-11-18 06:50:46.005,192.168.1.20,192.168.1.10,TCP,74,44818 → 36970 0x0012
s1-eth1,219,2024-11-18 06:50:46.035,192.168.1.10,192.168.1.20,CIPCM,134,Command: 0x006f
s1-eth1,220,2024-11-18 06:50:46.042,192.168.1.10,192.168.1.20,ENIP,94,Command: 0x0065
s1-eth2,119,2024-11-18 06:50:46.005,192.168.1.10,192.168.1.20,TCP,66,36970 → 44818 0x0010
s1-eth1,221,2024-11-18 06:50:46.042,192.168.1.20,192.168.1.10,TCP,66,44818 → 36970 0x0010
s1-eth1,222,2024-11-18 06:50:46.044,192.168.1.20,192.168.1.10,CIPCM,116,Command: 0x006f
s1-eth2,120,2024-11-18 06:50:46.017,192.168.1.10,192.168.1.20,TCP,74,36974 → 44818 0x0002
s1-eth1,223,2024-11-18 06:50:46.047,192.168.1.10,192.168.1.20,TCP,66,36954 → 44818 0x0011
s1-eth1,224,2024-11-18 06:50:46.049,192.168.1.20,192.168.1.10,ENIP,94,Command: 0x0065
s1-eth2,121,2024-11-18 06:50:46.017,192.168.1.20,192.168.1.10,TCP,74,44818 → 36974 0x0012
s1-eth2,122,2024-11-18 06:50:46.017,192.168.1.10,192.168.1.20,TCP,66,36974 → 44818 0x0010
s1-eth2,123,2024-11-18 06:50:46.023,192.168.1.10,192.168.1.20,ENIP,94,Command: 0x0065
s1-eth1,225,2024-11-18 06:50:46.049,192.168.1.10,192.168.1.20,TCP,66,36970 → 44818 0x0010
s1-eth1,226,2024-11-18 06:50:46.049,192.168.1.20,192.168.1.10,TCP,66,44818 → 36954 0x0011
s1-eth1,227,2024-11-18 06:50:46.049,192.168.1.10,192.168.1.20,TCP,66,36954 → 44818 0x0010
s1-eth2,124,2024-11-18 06:50:46.023,192.168.1.20,192.168.1.10,TCP,66,44818 → 36954 0x0010
s1-eth1,228,2024-11-18 06:50:46.051,192.168.1.10,192.168.1.20,CIPCM,134,Command: 0x006f
s1-eth2,125,2024-11-18 06:50:46.032,192.168.1.20,192.168.1.10,ENIP,94,Command: 0x0065
s1-eth1,229,2024-11-18 06:50:46.057,192.168.1.10,192.168.1.20,ENIP,94,Command: 0x0065
s1-eth2,126,2024-11-18 06:50:46.032,192.168.1.10,192.168.1.20,TCP,66,36954 → 44818 0x0010
s1-eth2,127,2024-11-18 06:50:46.035,192.168.1.10,192.168.1.20,CIPCM,134,Command: 0x006f
s1-eth2,128,2024-11-18 06:50:46.042,192.168.1.10,192.168.1.20,ENIP,94,Command: 0x0065
s1-eth1,230,2024-11-18 06:50:46.057,192.168.1.20,192.168.1.10,TCP,66,44818 → 36974 0x0010
s1-eth1,231,2024-11-18 06:50:46.067,192.168.1.20,192.168.1.10,CIPCM,116,Command: 0x006f
s1-eth1,232,2024-11-18 06:50:46.071,192.168.1.20,192.168.1.10,ENIP,94,Command: 0x0065
s1-eth2,129,2024-11-18 06:50:46.042,192.168.1.20,192.168.1.10,TCP,66,44818 → 36970 0x0010
s1-eth1,233,2024-11-18 06:50:46.071,192.168.1.10,192.168.1.20,TCP,66,36974 → 44818 0x0010
s1-eth1,234,2024-11-18 06:50:46.072,192.168.1.10,192.168.1.20,TCP,66,36970 → 44818 0x0011
s1-eth2,130,2024-11-18 06:50:46.044,192.168.1.20,192.168.1.10,CIPCM,116,Command: 0x006f
s1-eth2,131,2024-11-18 06:50:46.047,192.168.1.10,192.168.1.20,TCP,66,36954 → 44818 0x0011
s1-eth2,132,2024-11-18 06:50:46.049,192.168.1.20,192.168.1.10,ENIP,94,Command: 0x0065
s1-eth2,133,2024-11-18 06:50:46.049,192.168.1.10,192.168.1.20,TCP,66,36970 → 44818 0x0010
s1-eth1,235,2024-11-18 06:50:46.073,192.168.1.20,192.168.1.10,TCP,66,44818 → 36970 0x0011
s1-eth1,236,2024-11-18 06:50:46.073,192.168.1.10,192.168.1.20,TCP,66,36970 → 44818 0x0010
s1-eth1,237,2024-11-18 06:50:46.074,192.168.1.10,192.168.1.20,CIPCM,134,Command: 0x006f
s1-eth1,238,2024-11-18 06:50:46.094,192.168.1.20,192.168.1.10,CIPCM,116,Command: 0x006f
s1-eth2,134,2024-11-18 06:50:46.049,192.168.1.20,192.168.1.10,TCP,66,44818 → 36954 0x0011
s1-eth2,135,2024-11-18 06:50:46.049,192.168.1.10,192.168.1.20,TCP,66,36954 → 44818 0x0010
s1-eth1,239,2024-11-18 06:50:46.102,192.168.1.10,192.168.1.20,TCP,66,36974 → 44818 0x0011
s1-eth2,136,2024-11-18 06:50:46.051,192.168.1.10,192.168.1.20,CIPCM,134,Command: 0x006f
s1-eth2,137,2024-11-18 06:50:46.057,192.168.1.10,192.168.1.20,ENIP,94,Command: 0x0065
s1-eth2,138,2024-11-18 06:50:46.057,192.168.1.20,192.168.1.10,TCP,66,44818 → 36974 0x0010
s1-eth1,240,2024-11-18 06:50:46.102,192.168.1.20,192.168.1.10,TCP,66,44818 → 36974 0x0011
s1-eth1,241,2024-11-18 06:50:46.102,192.168.1.10,192.168.1.20,TCP,66,36974 → 44818 0x0010
s1-eth2,139,2024-11-18 06:50:46.067,192.168.1.20,192.168.1.10,CIPCM,116,Command: 0x006f
s1-eth2,140,2024-11-18 06:50:46.071,192.168.1.20,192.168.1.10,ENIP,94,Command: 0x0065
s1-eth2,141,2024-11-18 06:50:46.071,192.168.1.10,192.168.1.20,TCP,66,36974 → 44818 0x0010
s1-eth2,142,2024-11-18 06:50:46.072,192.168.1.10,192.168.1.20,TCP,66,36970 → 44818 0x0011
s1-eth2,143,2024-11-18 06:50:46.073,192.168.1.20,192.168.1.10,TCP,66,44818 → 36970 0x0011
s1-eth2,144,2024-11-18 06:50:46.073,192.168.1.10,192.168.1.20,TCP,66,36970 → 44818 0x0010
s1-eth2,145,2024-11-18 06:50:46.074,192.168.1.10,192.168.1.20,CIPCM,134,Command: 0x006f
s1-eth2,146,2024-11-18 06:50:46.094,192.168.1.20,192.168.1.10,CIPCM,116,Command: 0x006f
s1-eth2,147,2024-11-18 06:50:46.102,192.168.1.10,192.168.1.20,TCP,66,36974 → 44818 0x0011
s1-eth2,148,2024-11-18 06:50:46.102,192.168.1.20,192.168.1.10,TCP,66,44818 → 36974 0x0011
s1-eth2,149,2024-11-18 06:50:46.102,192.168.1.10,192.168.1.20,TCP,66,36974 → 44818 0x0010
s1-eth1,242,2024-11-18 06:50:46.263,192.168.1.10,192.168.1.20,TCP,74,36984 → 44818 0x0002
s1-eth3,107,2024-11-18 06:50:46.355,192.168.1.10,192.168.1.30,TCP,74,60142 → 44818 0x0002
s1-eth3,108,2024-11-18 06:50:46.355,192.168.1.30,192.168.1.10,TCP,74,44818 → 60142 0x0012
s1-eth3,109,2024-11-18 06:50:46.355,192.168.1.10,192.168.1.30,TCP,66,60142 → 44818 0x0010
s1-eth2,150,2024-11-18 06:50:46.263,192.168.1.10,192.168.1.20,TCP,74,36984 → 44818 0x0002
s1-eth1,243,2024-11-18 06:50:46.263,192.168.1.20,192.168.1.10,TCP,74,44818 → 36984 0x0012
s1-eth1,244,2024-11-18 06:50:46.263,192.168.1.10,192.168.1.20,TCP,66,36984 → 44818 0x0010
s1-eth3,110,2024-11-18 06:50:46.398,192.168.1.10,192.168.1.30,ENIP,94,Command: 0x0065
s1-eth3,111,2024-11-18 06:50:46.398,192.168.1.30,192.168.1.10,TCP,66,44818 → 60142 0x0010
s1-eth3,112,2024-11-18 06:50:46.401,192.168.1.10,192.168.1.30,TCP,74,60156 → 44818 0x0002
s1-eth3,113,2024-11-18 06:50:46.401,192.168.1.30,192.168.1.10,TCP,74,44818 → 60156 0x0012
s1-eth2,151,2024-11-18 06:50:46.263,192.168.1.20,192.168.1.10,TCP,74,44818 → 36984 0x0012
s1-eth1,245,2024-11-18 06:50:46.295,192.168.1.10,192.168.1.20,ENIP,94,Command: 0x0065
s1-eth3,114,2024-11-18 06:50:46.401,192.168.1.10,192.168.1.30,TCP,66,60156 → 44818 0x0010
s1-eth2,152,2024-11-18 06:50:46.263,192.168.1.10,192.168.1.20,TCP,66,36984 → 44818 0x0010
s1-eth2,153,2024-11-18 06:50:46.296,192.168.1.10,192.168.1.20,ENIP,94,Command: 0x0065
s1-eth1,246,2024-11-18 06:50:46.296,192.168.1.20,192.168.1.10,TCP,66,44818 → 36984 0x0010
s1-eth1,247,2024-11-18 06:50:46.298,192.168.1.20,192.168.1.10,ENIP,94,Command: 0x0065
s1-eth1,248,2024-11-18 06:50:46.298,192.168.1.10,192.168.1.20,TCP,66,36984 → 44818 0x0010
s1-eth3,115,2024-11-18 06:50:46.402,192.168.1.30,192.168.1.10,ENIP,94,Command: 0x0065
s1-eth3,116,2024-11-18 06:50:46.402,192.168.1.10,192.168.1.30,TCP,66,60142 → 44818 0x0010
s1-eth3,117,2024-11-18 06:50:46.404,192.168.1.10,192.168.1.30,TCP,74,60158 → 44818 0x0002
s1-eth3,118,2024-11-18 06:50:46.404,192.168.1.30,192.168.1.10,TCP,74,44818 → 60158 0x0012
s1-eth2,154,2024-11-18 06:50:46.296,192.168.1.20,192.168.1.10,TCP,66,44818 → 36984 0x0010
s1-eth2,155,2024-11-18 06:50:46.298,192.168.1.20,192.168.1.10,ENIP,94,Command: 0x0065
s1-eth2,156,2024-11-18 06:50:46.298,192.168.1.10,192.168.1.20,TCP,66,36984 → 44818 0x0010
s1-eth1,249,2024-11-18 06:50:46.300,192.168.1.10,192.168.1.20,CIPCM,134,Command: 0x006f
s1-eth1,250,2024-11-18 06:50:46.314,192.168.1.20,192.168.1.10,CIPCM,116,Command: 0x006f
s1-eth1,251,2024-11-18 06:50:46.318,192.168.1.10,192.168.1.20,TCP,66,36984 → 44818 0x0011
s1-eth1,252,2024-11-18 06:50:46.318,192.168.1.20,192.168.1.10,TCP,66,44818 → 36984 0x0011
s1-eth1,253,2024-11-18 06:50:46.318,192.168.1.10,192.168.1.20,TCP,66,36984 → 44818 0x0010
s1-eth3,119,2024-11-18 06:50:46.404,192.168.1.10,192.168.1.30,TCP,66,60158 → 44818 0x0010
s1-eth3,120,2024-11-18 06:50:46.404,192.168.1.10,192.168.1.30,CIPCM,134,Command: 0x006f
s1-eth3,121,2024-11-18 06:50:46.410,192.168.1.30,192.168.1.10,CIPCM,116,Command: 0x006f
s1-eth2,157,2024-11-18 06:50:46.300,192.168.1.10,192.168.1.20,CIPCM,134,Command: 0x006f
s1-eth2,158,2024-11-18 06:50:46.314,192.168.1.20,192.168.1.10,CIPCM,116,Command: 0x006f
s1-eth1,254,2024-11-18 06:50:46.355,192.168.1.10,192.168.1.30,TCP,74,60142 → 44818 0x0002
s1-eth1,255,2024-11-18 06:50:46.355,192.168.1.30,192.168.1.10,TCP,74,44818 → 60142 0x0012
s1-eth3,122,2024-11-18 06:50:46.414,192.168.1.10,192.168.1.30,TCP,66,60142 → 44818 0x0011
s1-eth3,123,2024-11-18 06:50:46.414,192.168.1.30,192.168.1.10,TCP,66,44818 → 60142 0x0011
s1-eth3,124,2024-11-18 06:50:46.414,192.168.1.10,192.168.1.30,TCP,66,60142 → 44818 0x0010
s1-eth3,125,2024-11-18 06:50:46.440,192.168.1.10,192.168.1.30,ENIP,94,Command: 0x0065
s1-eth1,256,2024-11-18 06:50:46.355,192.168.1.10,192.168.1.30,TCP,66,60142 → 44818 0x0010
s1-eth3,126,2024-11-18 06:50:46.440,192.168.1.30,192.168.1.10,TCP,66,44818 → 60158 0x0010
s1-eth2,159,2024-11-18 06:50:46.318,192.168.1.10,192.168.1.20,TCP,66,36984 → 44818 0x0011
s1-eth2,160,2024-11-18 06:50:46.318,192.168.1.20,192.168.1.10,TCP,66,44818 → 36984 0x0011
s1-eth2,161,2024-11-18 06:50:46.318,192.168.1.10,192.168.1.20,TCP,66,36984 → 44818 0x0010
s1-eth1,257,2024-11-18 06:50:46.398,192.168.1.10,192.168.1.30,ENIP,94,Command: 0x0065
s1-eth1,258,2024-11-18 06:50:46.398,192.168.1.30,192.168.1.10,TCP,66,44818 → 60142 0x0010
s1-eth1,259,2024-11-18 06:50:46.401,192.168.1.10,192.168.1.30,TCP,74,60156 → 44818 0x0002
s1-eth3,127,2024-11-18 06:50:46.443,192.168.1.30,192.168.1.10,ENIP,94,Command: 0x0065
s1-eth3,128,2024-11-18 06:50:46.443,192.168.1.10,192.168.1.30,TCP,66,60158 → 44818 0x0010
s1-eth1,260,2024-11-18 06:50:46.401,192.168.1.30,192.168.1.10,TCP,74,44818 → 60156 0x0012
s1-eth3,129,2024-11-18 06:50:46.445,192.168.1.10,192.168.1.30,CIPCM,134,Command: 0x006f
s1-eth1,261,2024-11-18 06:50:46.401,192.168.1.10,192.168.1.30,TCP,66,60156 → 44818 0x0010
s1-eth1,262,2024-11-18 06:50:46.402,192.168.1.30,192.168.1.10,ENIP,94,Command: 0x0065
s1-eth1,263,2024-11-18 06:50:46.402,192.168.1.10,192.168.1.30,TCP,66,60142 → 44818 0x0010
s1-eth3,130,2024-11-18 06:50:46.456,192.168.1.10,192.168.1.30,ENIP,94,Command: 0x0065
s1-eth3,131,2024-11-18 06:50:46.456,192.168.1.30,192.168.1.10,TCP,66,44818 → 60156 0x0010
s1-eth2,162,2024-11-18 06:50:46.491,192.168.1.10,192.168.1.20,TCP,74,36998 → 44818 0x0002
s1-eth2,163,2024-11-18 06:50:46.491,192.168.1.20,192.168.1.10,TCP,74,44818 → 36998 0x0012
s1-eth3,132,2024-11-18 06:50:46.458,192.168.1.30,192.168.1.10,CIPCM,116,Command: 0x006f
s1-eth2,164,2024-11-18 06:50:46.491,192.168.1.10,192.168.1.20,TCP,66,36998 → 44818 0x0010
s1-eth1,264,2024-11-18 06:50:46.404,192.168.1.10,192.168.1.30,TCP,74,60158 → 44818 0x0002
s1-eth1,265,2024-11-18 06:50:46.404,192.168.1.30,192.168.1.10,TCP,74,44818 → 60158 0x0012
s1-eth1,266,2024-11-18 06:50:46.404,192.168.1.10,192.168.1.30,TCP,66,60158 → 44818 0x0010
s1-eth3,133,2024-11-18 06:50:46.462,192.168.1.10,192.168.1.30,TCP,66,60158 → 44818 0x0011
s1-eth3,134,2024-11-18 06:50:46.464,192.168.1.30,192.168.1.10,ENIP,94,Command: 0x0065
s1-eth2,165,2024-11-18 06:50:46.531,192.168.1.10,192.168.1.20,ENIP,94,Command: 0x0065
s1-eth2,166,2024-11-18 06:50:46.531,192.168.1.20,192.168.1.10,TCP,66,44818 → 36998 0x0010
s1-eth2,167,2024-11-18 06:50:46.536,192.168.1.20,192.168.1.10,ENIP,94,Command: 0x0065
s1-eth2,168,2024-11-18 06:50:46.536,192.168.1.10,192.168.1.20,TCP,66,36998 → 44818 0x0010
s1-eth2,169,2024-11-18 06:50:46.538,192.168.1.10,192.168.1.20,CIPCM,134,Command: 0x006f
s1-eth2,170,2024-11-18 06:50:46.555,192.168.1.20,192.168.1.10,CIPCM,116,Command: 0x006f
s1-eth1,267,2024-11-18 06:50:46.404,192.168.1.10,192.168.1.30,CIPCM,134,Command: 0x006f
s1-eth1,268,2024-11-18 06:50:46.410,192.168.1.30,192.168.1.10,CIPCM,116,Command: 0x006f
s1-eth1,269,2024-11-18 06:50:46.414,192.168.1.10,192.168.1.30,TCP,66,60142 → 44818 0x0011
s1-eth1,270,2024-11-18 06:50:46.414,192.168.1.30,192.168.1.10,TCP,66,44818 → 60142 0x0011
s1-eth3,135,2024-11-18 06:50:46.464,192.168.1.10,192.168.1.30,TCP,66,60156 → 44818 0x0010
s1-eth3,136,2024-11-18 06:50:46.464,192.168.1.30,192.168.1.10,TCP,66,44818 → 60158 0x0011
s1-eth2,171,2024-11-18 06:50:46.562,192.168.1.10,192.168.1.20,TCP,66,36998 → 44818 0x0011
s1-eth2,172,2024-11-18 06:50:46.563,192.168.1.20,192.168.1.10,TCP,66,44818 → 36998 0x0011
s1-eth2,173,2024-11-18 06:50:46.563,192.168.1.10,192.168.1.20,TCP,66,36998 → 44818 0x0010
s1-eth3,137,2024-11-18 06:50:46.464,192.168.1.10,192.168.1.30,TCP,66,60158 → 44818 0x0010
s1-eth1,271,2024-11-18 06:50:46.414,192.168.1.10,192.168.1.30,TCP,66,60142 → 44818 0x0010
s1-eth1,272,2024-11-18 06:50:46.440,192.168.1.10,192.168.1.30,ENIP,94,Command: 0x0065
s1-eth1,273,2024-11-18 06:50:46.440,192.168.1.30,192.168.1.10,TCP,66,44818 → 60158 0x0010
s1-eth1,274,2024-11-18 06:50:46.443,192.168.1.30,192.168.1.10,ENIP,94,Command: 0x0065
s1-eth3,138,2024-11-18 06:50:46.466,192.168.1.10,192.168.1.30,CIPCM,134,Command: 0x006f
s1-eth3,139,2024-11-18 06:50:46.482,192.168.1.30,192.168.1.10,CIPCM,116,Command: 0x006f
s1-eth3,140,2024-11-18 06:50:46.486,192.168.1.10,192.168.1.30,TCP,66,60156 → 44818 0x0011
s1-eth1,275,2024-11-18 06:50:46.443,192.168.1.10,192.168.1.30,TCP,66,60158 → 44818 0x0010
s1-eth1,276,2024-11-18 06:50:46.445,192.168.1.10,192.168.1.30,CIPCM,134,Command: 0x006f
s1-eth3,141,2024-11-18 06:50:46.487,192.168.1.30,192.168.1.10,TCP,66,44818 → 60156 0x0011
s1-eth1,277,2024-11-18 06:50:46.456,192.168.1.10,192.168.1.30,ENIP,94,Command: 0x0065
s1-eth3,142,2024-11-18 06:50:46.487,192.168.1.10,192.168.1.30,TCP,66,60156 → 44818 0x0010
s1-eth3,143,2024-11-18 06:50:46.612,192.168.1.10,192.168.1.30,TCP,74,60166 → 44818 0x0002
s1-eth3,144,2024-11-18 06:50:46.612,192.168.1.30,192.168.1.10,TCP,74,44818 → 60166 0x0012
s1-eth3,145,2024-11-18 06:50:46.612,192.168.1.10,192.168.1.30,TCP,66,60166 → 44818 0x0010
s1-eth3,146,2024-11-18 06:50:46.656,192.168.1.10,192.168.1.30,ENIP,94,Command: 0x0065
s1-eth1,278,2024-11-18 06:50:46.456,192.168.1.30,192.168.1.10,TCP,66,44818 → 60156 0x0010
s1-eth3,147,2024-11-18 06:50:46.656,192.168.1.30,192.168.1.10,TCP,66,44818 → 60166 0x0010
s1-eth3,148,2024-11-18 06:50:46.658,192.168.1.30,192.168.1.10,ENIP,94,Command: 0x0065
s1-eth1,279,2024-11-18 06:50:46.458,192.168.1.30,192.168.1.10,CIPCM,116,Command: 0x006f
s1-eth1,280,2024-11-18 06:50:46.462,192.168.1.10,192.168.1.30,TCP,66,60158 → 44818 0x0011
s1-eth1,281,2024-11-18 06:50:46.464,192.168.1.30,192.168.1.10,ENIP,94,Command: 0x0065
s1-eth1,282,2024-11-18 06:50:46.464,192.168.1.10,192.168.1.30,TCP,66,60156 → 44818 0x0010
s1-eth3,149,2024-11-18 06:50:46.658,192.168.1.10,192.168.1.30,TCP,66,60166 → 44818 0x0010
s1-eth3,150,2024-11-18 06:50:46.660,192.168.1.10,192.168.1.30,CIPCM,134,Command: 0x006f
s1-eth3,151,2024-11-18 06:50:46.672,192.168.1.30,192.168.1.10,CIPCM,116,Command: 0x006f
s1-eth3,152,2024-11-18 06:50:46.679,192.168.1.10,192.168.1.30,TCP,66,60166 → 44818 0x0011
s1-eth3,153,2024-11-18 06:50:46.680,192.168.1.30,192.168.1.10,TCP,66,44818 → 60166 0x0011
s1-eth3,154,2024-11-18 06:50:46.680,192.168.1.10,192.168.1.30,TCP,66,60166 → 44818 0x0010
s1-eth1,283,2024-11-18 06:50:46.464,192.168.1.30,192.168.1.10,TCP,66,44818 → 60158 0x0011
s1-eth1,284,2024-11-18 06:50:46.464,192.168.1.10,192.168.1.30,TCP,66,60158 → 44818 0x0010
s1-eth1,285,2024-11-18 06:50:46.466,192.168.1.10,192.168.1.30,CIPCM,134,Command: 0x006f
s1-eth3,155,2024-11-18 06:50:46.835,192.168.1.10,192.168.1.30,TCP,74,60168 → 44818 0x0002
s1-eth3,156,2024-11-18 06:50:46.835,192.168.1.30,192.168.1.10,TCP,74,44818 → 60168 0x0012
s1-eth3,157,2024-11-18 06:50:46.835,192.168.1.10,192.168.1.30,TCP,66,60168 → 44818 0x0010
s1-eth3,158,2024-11-18 06:50:46.867,192.168.1.10,192.168.1.30,ENIP,94,Command: 0x0065
s1-eth3,159,2024-11-18 06:50:46.867,192.168.1.30,192.168.1.10,TCP,66,44818 → 60168 0x0010
s1-eth3,160,2024-11-18 06:50:46.870,192.168.1.30,192.168.1.10,ENIP,94,Command: 0x0065
s1-eth1,286,2024-11-18 06:50:46.482,192.168.1.30,192.168.1.10,CIPCM,116,Command: 0x006f
s1-eth3,161,2024-11-18 06:50:46.870,192.168.1.10,192.168.1.30,TCP,66,60168 → 44818 0x0010
s1-eth1,287,2024-11-18 06:50:46.486,192.168.1.10,192.168.1.30,TCP,66,60156 → 44818 0x0011
s1-eth1,288,2024-11-18 06:50:46.487,192.168.1.30,192.168.1.10,TCP,66,44818 → 60156 0x0011
s1-eth1,289,2024-11-18 06:50:46.487,192.168.1.10,192.168.1.30,TCP,66,60156 → 44818 0x0010
s1-eth1,290,2024-11-18 06:50:46.491,192.168.1.10,192.168.1.20,TCP,74,36998 → 44818 0x0002
s1-eth1,291,2024-11-18 06:50:46.491,192.168.1.20,192.168.1.10,TCP,74,44818 → 36998 0x0012
s1-eth3,162,2024-11-18 06:50:46.872,192.168.1.10,192.168.1.30,CIPCM,134,Command: 0x006f
s1-eth3,163,2024-11-18 06:50:46.885,192.168.1.30,192.168.1.10,CIPCM,116,Command: 0x006f
s1-eth3,164,2024-11-18 06:50:46.889,192.168.1.10,192.168.1.30,TCP,66,60168 → 44818 0x0011
s1-eth3,165,2024-11-18 06:50:46.890,192.168.1.30,192.168.1.10,TCP,66,44818 → 60168 0x0011
s1-eth3,166,2024-11-18 06:50:46.890,192.168.1.10,192.168.1.30,TCP,66,60168 → 44818 0x0010
s1-eth1,292,2024-11-18 06:50:46.491,192.168.1.10,192.168.1.20,TCP,66,36998 → 44818 0x0010
s1-eth1,293,2024-11-18 06:50:46.531,192.168.1.10,192.168.1.20,ENIP,94,Command: 0x0065
s1-eth1,294,2024-11-18 06:50:46.531,192.168.1.20,192.168.1.10,TCP,66,44818 → 36998 0x0010
s1-eth1,295,2024-11-18 06:50:46.536,192.168.1.20,192.168.1.10,ENIP,94,Command: 0x0065
s1-eth1,296,2024-11-18 06:50:46.536,192.168.1.10,192.168.1.20,TCP,66,36998 → 44818 0x0010
s1-eth1,297,2024-11-18 06:50:46.538,192.168.1.10,192.168.1.20,CIPCM,134,Command: 0x006f
s1-eth1,298,2024-11-18 06:50:46.555,192.168.1.20,192.168.1.10,CIPCM,116,Command: 0x006f
s1-eth1,299,2024-11-18 06:50:46.562,192.168.1.10,192.168.1.20,TCP,66,36998 → 44818 0x0011
s1-eth1,300,2024-11-18 06:50:46.563,192.168.1.20,192.168.1.10,TCP,66,44818 → 36998 0x0011
s1-eth1,301,2024-11-18 06:50:46.563,192.168.1.10,192.168.1.20,TCP,66,36998 → 44818 0x0010
s1-eth1,302,2024-11-18 06:50:46.612,192.168.1.10,192.168.1.30,TCP,74,60166 → 44818 0x0002
s1-eth1,303,2024-11-18 06:50:46.612,192.168.1.30,192.168.1.10,TCP,74,44818 → 60166 0x0012
s1-eth1,304,2024-11-18 06:50:46.612,192.168.1.10,192.168.1.30,TCP,66,60166 → 44818 0x0010
s1-eth1,305,2024-11-18 06:50:46.656,192.168.1.10,192.168.1.30,ENIP,94,Command: 0x0065
s1-eth1,306,2024-11-18 06:50:46.656,192.168.1.30,192.168.1.10,TCP,66,44818 → 60166 0x0010
s1-eth1,307,2024-11-18 06:50:46.658,192.168.1.30,192.168.1.10,ENIP,94,Command: 0x0065
s1-eth1,308,2024-11-18 06:50:46.658,192.168.1.10,192.168.1.30,TCP,66,60166 → 44818 0x0010
s1-eth1,309,2024-11-18 06:50:46.660,192.168.1.10,192.168.1.30,CIPCM,134,Command: 0x006f
s1-eth1,310,2024-11-18 06:50:46.672,192.168.1.30,192.168.1.10,CIPCM,116,Command: 0x006f
s1-eth1,311,2024-11-18 06:50:46.679,192.168.1.10,192.168.1.30,TCP,66,60166 → 44818 0x0011
s1-eth1,312,2024-11-18 06:50:46.680,192.168.1.30,192.168.1.10,TCP,66,44818 → 60166 0x0011
s1-eth1,313,2024-11-18 06:50:46.680,192.168.1.10,192.168.1.30,TCP,66,60166 → 44818 0x0010
s1-eth1,314,2024-11-18 06:50:46.835,192.168.1.10,192.168.1.30,TCP,74,60168 → 44818 0x0002
s1-eth1,315,2024-11-18 06:50:46.835,192.168.1.30,192.168.1.10,TCP,74,44818 → 60168 0x0012
s1-eth1,316,2024-11-18 06:50:46.835,192.168.1.10,192.168.1.30,TCP,66,60168 → 44818 0x0010
s1-eth1,317,2024-11-18 06:50:46.867,192.168.1.10,192.168.1.30,ENIP,94,Command: 0x0065
s1-eth1,318,2024-11-18 06:50:46.867,192.168.1.30,192.168.1.10,TCP,66,44818 → 60168 0x0010
s1-eth1,319,2024-11-18 06:50:46.870,192.168.1.30,192.168.1.10,ENIP,94,Command: 0x0065
s1-eth1,320,2024-11-18 06:50:46.870,192.168.1.10,192.168.1.30,TCP,66,60168 → 44818 0x0010
s1-eth1,321,2024-11-18 06:50:46.872,192.168.1.10,192.168.1.30,CIPCM,134,Command: 0x006f
s1-eth1,322,2024-11-18 06:50:46.885,192.168.1.30,192.168.1.10,CIPCM,116,Command: 0x006f
s1-eth1,323,2024-11-18 06:50:46.889,192.168.1.10,192.168.1.30,TCP,66,60168 → 44818 0x0011
s1-eth1,324,2024-11-18 06:50:46.890,192.168.1.30,192.168.1.10,TCP,66,44818 → 60168 0x0011
s1-eth1,325,2024-11-18 06:50:46.890,192.168.1.10,192.168.1.30,TCP,66,60168 → 44818 0x0010
s1-eth1,326,2024-11-18 06:50:48.690,192.168.1.10,192.168.1.20,TCP,74,37006 → 44818 0x0002
s1-eth1,327,2024-11-18 06:50:48.690,192.168.1.20,192.168.1.10,TCP,74,44818 → 37006 0x0012
s1-eth1,328,2024-11-18 06:50:48.690,192.168.1.10,192.168.1.20,TCP,66,37006 → 44818 0x0010
s1-eth1,329,2024-11-18 06:50:48.724,192.168.1.10,192.168.1.20,ENIP,94,Command: 0x0065
s1-eth1,330,2024-11-18 06:50:48.724,192.168.1.20,192.168.1.10,TCP,66,44818 → 37006 0x0010
s1-eth1,331,2024-11-18 06:50:48.728,192.168.1.20,192.168.1.10,ENIP,94,Command: 0x0065
s1-eth2,174,2024-11-18 06:50:48.690,192.168.1.10,192.168.1.20,TCP,74,37006 → 44818 0x0002
s1-eth2,175,2024-11-18 06:50:48.690,192.168.1.20,192.168.1.10,TCP,74,44818 → 37006 0x0012
s1-eth1,332,2024-11-18 06:50:48.728,192.168.1.10,192.168.1.20,TCP,66,37006 → 44818 0x0010
s1-eth1,333,2024-11-18 06:50:48.730,192.168.1.10,192.168.1.20,CIPCM,134,Command: 0x006f
s1-eth2,176,2024-11-18 06:50:48.690,192.168.1.10,192.168.1.20,TCP,66,37006 → 44818 0x0010
s1-eth2,177,2024-11-18 06:50:48.724,192.168.1.10,192.168.1.20,ENIP,94,Command: 0x0065
s1-eth2,178,2024-11-18 06:50:48.724,192.168.1.20,192.168.1.10,TCP,66,44818 → 37006 0x0010
s1-eth2,179,2024-11-18 06:50:48.728,192.168.1.20,192.168.1.10,ENIP,94,Command: 0x0065
s1-eth2,180,2024-11-18 06:50:48.728,192.168.1.10,192.168.1.20,TCP,66,37006 → 44818 0x0010
s1-eth2,181,2024-11-18 06:50:48.730,192.168.1.10,192.168.1.20,CIPCM,134,Command: 0x006f
s1-eth2,182,2024-11-18 06:50:48.745,192.168.1.20,192.168.1.10,CIPCM,116,Command: 0x006f
s1-eth2,183,2024-11-18 06:50:48.749,192.168.1.10,192.168.1.20,TCP,66,37006 → 44818 0x0011
s1-eth2,184,2024-11-18 06:50:48.750,192.168.1.20,192.168.1.10,TCP,66,44818 → 37006 0x0011
s1-eth2,185,2024-11-18 06:50:48.750,192.168.1.10,192.168.1.20,TCP,66,37006 → 44818 0x0010
s1-eth1,334,2024-11-18 06:50:48.745,192.168.1.20,192.168.1.10,CIPCM,116,Command: 0x006f
s1-eth1,335,2024-11-18 06:50:48.749,192.168.1.10,192.168.1.20,TCP,66,37006 → 44818 0x0011
s1-eth3,167,2024-11-18 06:50:49.032,192.168.1.10,192.168.1.30,TCP,74,60170 → 44818 0x0002
s1-eth1,336,2024-11-18 06:50:48.750,192.168.1.20,192.168.1.10,TCP,66,44818 → 37006 0x0011
s1-eth1,337,2024-11-18 06:50:48.750,192.168.1.10,192.168.1.20,TCP,66,37006 → 44818 0x0010
s1-eth1,338,2024-11-18 06:50:49.032,192.168.1.10,192.168.1.30,TCP,74,60170 → 44818 0x0002
s1-eth3,168,2024-11-18 06:50:49.032,192.168.1.30,192.168.1.10,TCP,74,44818 → 60170 0x0012
s1-eth1,339,2024-11-18 06:50:49.032,192.168.1.30,192.168.1.10,TCP,74,44818 → 60170 0x0012
s1-eth1,340,2024-11-18 06:50:49.032,192.168.1.10,192.168.1.30,TCP,66,60170 → 44818 0x0010
s1-eth3,169,2024-11-18 06:50:49.032,192.168.1.10,192.168.1.30,TCP,66,60170 → 44818 0x0010
s1-eth1,341,2024-11-18 06:50:49.066,192.168.1.10,192.168.1.30,ENIP,94,Command: 0x0065
s1-eth3,170,2024-11-18 06:50:49.066,192.168.1.10,192.168.1.30,ENIP,94,Command: 0x0065
s1-eth1,342,2024-11-18 06:50:49.066,192.168.1.30,192.168.1.10,TCP,66,44818 → 60170 0x0010
s1-eth1,343,2024-11-18 06:50:49.069,192.168.1.30,192.168.1.10,ENIP,94,Command: 0x0065
s1-eth1,344,2024-11-18 06:50:49.069,192.168.1.10,192.168.1.30,TCP,66,60170 → 44818 0x0010
s1-eth3,171,2024-11-18 06:50:49.066,192.168.1.30,192.168.1.10,TCP,66,44818 → 60170 0x0010
s1-eth3,172,2024-11-18 06:50:49.069,192.168.1.30,192.168.1.10,ENIP,94,Command: 0x0065
s1-eth3,173,2024-11-18 06:50:49.069,192.168.1.10,192.168.1.30,TCP,66,60170 → 44818 0x0010
s1-eth1,345,2024-11-18 06:50:49.071,192.168.1.10,192.168.1.30,CIPCM,134,Command: 0x006f
s1-eth1,346,2024-11-18 06:50:49.085,192.168.1.30,192.168.1.10,CIPCM,116,Command: 0x006f
s1-eth1,347,2024-11-18 06:50:49.091,192.168.1.10,192.168.1.30,TCP,66,60170 → 44818 0x0011
s1-eth1,348,2024-11-18 06:50:49.092,192.168.1.30,192.168.1.10,TCP,66,44818 → 60170 0x0011
s1-eth1,349,2024-11-18 06:50:49.092,192.168.1.10,192.168.1.30,TCP,66,60170 → 44818 0x0010
s1-eth3,174,2024-11-18 06:50:49.071,192.168.1.10,192.168.1.30,CIPCM,134,Command: 0x006f
s1-eth3,175,2024-11-18 06:50:49.085,192.168.1.30,192.168.1.10,CIPCM,116,Command: 0x006f
s1-eth3,176,2024-11-18 06:50:49.091,192.168.1.10,192.168.1.30,TCP,66,60170 → 44818 0x0011
s1-eth3,177,2024-11-18 06:50:49.092,192.168.1.30,192.168.1.10,TCP,66,44818 → 60170 0x0011
s1-eth3,178,2024-11-18 06:50:49.092,192.168.1.10,192.168.1.30,TCP,66,60170 → 44818 0x0010
s1-eth1,350,2024-11-18 06:50:49.509,192.168.1.10,192.168.1.20,TCP,74,37020 → 44818 0x0002
s1-eth1,351,2024-11-18 06:50:49.509,192.168.1.20,192.168.1.10,TCP,74,44818 → 37020 0x0012
s1-eth1,352,2024-11-18 06:50:49.509,192.168.1.10,192.168.1.20,TCP,66,37020 → 44818 0x0010
s1-eth3,179,2024-11-18 06:50:49.556,fe80::21d:9cff:fec8:bdf2,ff02::2,ICMPV6,70,ICMPV6
s1-eth1,353,2024-11-18 06:50:49.542,192.168.1.10,192.168.1.20,ENIP,94,Command: 0x0065
s1-eth1,354,2024-11-18 06:50:49.542,192.168.1.20,192.168.1.10,TCP,66,44818 → 37020 0x0010
s1-eth1,355,2024-11-18 06:50:49.546,192.168.1.20,192.168.1.10,ENIP,94,Command: 0x0065
s1-eth1,356,2024-11-18 06:50:49.546,192.168.1.10,192.168.1.20,TCP,66,37020 → 44818 0x0010
s1-eth2,186,2024-11-18 06:50:49.509,192.168.1.10,192.168.1.20,TCP,74,37020 → 44818 0x0002
s1-eth2,187,2024-11-18 06:50:49.509,192.168.1.20,192.168.1.10,TCP,74,44818 → 37020 0x0012
s1-eth1,357,2024-11-18 06:50:49.550,192.168.1.10,192.168.1.20,CIPCM,134,Command: 0x006f
s1-eth1,358,2024-11-18 06:50:49.565,192.168.1.20,192.168.1.10,CIPCM,116,Command: 0x006f
s1-eth1,359,2024-11-18 06:50:49.576,192.168.1.10,192.168.1.20,TCP,66,37020 → 44818 0x0011
s1-eth1,360,2024-11-18 06:50:49.576,192.168.1.20,192.168.1.10,TCP,66,44818 → 37020 0x0011
s1-eth1,361,2024-11-18 06:50:49.577,192.168.1.10,192.168.1.20,TCP,66,37020 → 44818 0x0010
s1-eth2,188,2024-11-18 06:50:49.509,192.168.1.10,192.168.1.20,TCP,66,37020 → 44818 0x0010
s1-eth2,189,2024-11-18 06:50:49.542,192.168.1.10,192.168.1.20,ENIP,94,Command: 0x0065
s1-eth2,190,2024-11-18 06:50:49.542,192.168.1.20,192.168.1.10,TCP,66,44818 → 37020 0x0010
s1-eth2,191,2024-11-18 06:50:49.546,192.168.1.20,192.168.1.10,ENIP,94,Command: 0x0065
s1-eth2,192,2024-11-18 06:50:49.546,192.168.1.10,192.168.1.20,TCP,66,37020 → 44818 0x0010
s1-eth2,193,2024-11-18 06:50:49.550,192.168.1.10,192.168.1.20,CIPCM,134,Command: 0x006f
s1-eth2,194,2024-11-18 06:50:49.565,192.168.1.20,192.168.1.10,CIPCM,116,Command: 0x006f
s1-eth2,195,2024-11-18 06:50:49.576,192.168.1.10,192.168.1.20,TCP,66,37020 → 44818 0x0011
s1-eth2,196,2024-11-18 06:50:49.576,192.168.1.20,192.168.1.10,TCP,66,44818 → 37020 0x0011
s1-eth2,197,2024-11-18 06:50:49.577,192.168.1.10,192.168.1.20,TCP,66,37020 → 44818 0x0010
s1-eth1,362,2024-11-18 06:50:49.861,192.168.1.10,192.168.1.30,TCP,74,60178 → 44818 0x0002
s1-eth1,363,2024-11-18 06:50:49.861,192.168.1.30,192.168.1.10,TCP,74,44818 → 60178 0x0012
s1-eth3,180,2024-11-18 06:50:49.861,192.168.1.10,192.168.1.30,TCP,74,60178 → 44818 0x0002
s1-eth3,181,2024-11-18 06:50:49.861,192.168.1.30,192.168.1.10,TCP,74,44818 → 60178 0x0012
s1-eth1,364,2024-11-18 06:50:49.861,192.168.1.10,192.168.1.30,TCP,66,60178 → 44818 0x0010
s1-eth1,365,2024-11-18 06:50:49.894,192.168.1.10,192.168.1.30,ENIP,94,Command: 0x0065
s1-eth3,182,2024-11-18 06:50:49.861,192.168.1.10,192.168.1.30,TCP,66,60178 → 44818 0x0010
s1-eth1,366,2024-11-18 06:50:49.894,192.168.1.30,192.168.1.10,TCP,66,44818 → 60178 0x0010
s1-eth3,183,2024-11-18 06:50:49.894,192.168.1.10,192.168.1.30,ENIP,94,Command: 0x0065
s1-eth1,367,2024-11-18 06:50:49.900,192.168.1.30,192.168.1.10,ENIP,94,Command: 0x0065
s1-eth3,184,2024-11-18 06:50:49.894,192.168.1.30,192.168.1.10,TCP,66,44818 → 60178 0x0010
s1-eth3,185,2024-11-18 06:50:49.900,192.168.1.30,192.168.1.10,ENIP,94,Command: 0x0065
s1-eth1,368,2024-11-18 06:50:49.900,192.168.1.10,192.168.1.30,TCP,66,60178 → 44818 0x0010
s1-eth3,186,2024-11-18 06:50:49.900,192.168.1.10,192.168.1.30,TCP,66,60178 → 44818 0x0010
s1-eth3,187,2024-11-18 06:50:49.901,192.168.1.10,192.168.1.30,CIPCM,134,Command: 0x006f
s1-eth3,188,2024-11-18 06:50:49.928,192.168.1.30,192.168.1.10,CIPCM,116,Command: 0x006f
s1-eth3,189,2024-11-18 06:50:49.936,192.168.1.10,192.168.1.30,TCP,66,60178 → 44818 0x0011
s1-eth3,190,2024-11-18 06:50:49.937,192.168.1.30,192.168.1.10,TCP,66,44818 → 60178 0x0011
s1-eth3,191,2024-11-18 06:50:49.937,192.168.1.10,192.168.1.30,TCP,66,60178 → 44818 0x0010
s1-eth2,198,2024-11-18 06:50:50.580,fe80::c87a:deff:fe55:81fe,ff02::2,ICMPV6,70,ICMPV6
s1-eth3,192,2024-11-18 06:50:51.092,fe80::d0e5:f6ff:fe46:4fd5,ff02::2,ICMPV6,70,ICMPV6
s1-eth2,199,2024-11-18 06:50:51.021,192.168.1.10,192.168.1.20,TCP,74,37026 → 44818 0x0002
s1-eth2,200,2024-11-18 06:50:51.021,192.168.1.20,192.168.1.10,TCP,74,44818 → 37026 0x0012
s1-eth2,201,2024-11-18 06:50:51.021,192.168.1.10,192.168.1.20,TCP,66,37026 → 44818 0x0010
s1-eth2,202,2024-11-18 06:50:51.050,192.168.1.10,192.168.1.20,ENIP,94,Command: 0x0065
s1-eth2,203,2024-11-18 06:50:51.050,192.168.1.20,192.168.1.10,TCP,66,44818 → 37026 0x0010
s1-eth2,204,2024-11-18 06:50:51.053,192.168.1.20,192.168.1.10,ENIP,94,Command: 0x0065
s1-eth2,205,2024-11-18 06:50:51.053,192.168.1.10,192.168.1.20,TCP,66,37026 → 44818 0x0010
s1-eth2,206,2024-11-18 06:50:51.054,192.168.1.10,192.168.1.20,CIPCM,134,Command: 0x006f
s1-eth2,207,2024-11-18 06:50:51.068,192.168.1.20,192.168.1.10,CIPCM,116,Command: 0x006f
s1-eth2,208,2024-11-18 06:50:51.072,192.168.1.10,192.168.1.20,TCP,66,37026 → 44818 0x0011
s1-eth2,209,2024-11-18 06:50:51.072,192.168.1.20,192.168.1.10,TCP,66,44818 → 37026 0x0011
s1-eth2,210,2024-11-18 06:50:51.072,192.168.1.10,192.168.1.20,TCP,66,37026 → 44818 0x0010
s1-eth2,211,2024-11-18 06:50:51.092,fe80::21d:9cff:fec8:bc46,ff02::2,ICMPV6,70,ICMPV6
s1-eth3,193,2024-11-18 06:50:51.331,192.168.1.10,192.168.1.30,TCP,74,60188 → 44818 0x0002
s1-eth3,194,2024-11-18 06:50:51.331,192.168.1.30,192.168.1.10,TCP,74,44818 → 60188 0x0012
s1-eth2,212,2024-11-18 06:50:51.396,192.168.1.10,192.168.1.20,TCP,74,37040 → 44818 0x0002
s1-eth3,195,2024-11-18 06:50:51.331,192.168.1.10,192.168.1.30,TCP,66,60188 → 44818 0x0010
s1-eth3,196,2024-11-18 06:50:51.363,192.168.1.10,192.168.1.30,ENIP,94,Command: 0x0065
s1-eth2,213,2024-11-18 06:50:51.396,192.168.1.20,192.168.1.10,TCP,74,44818 → 37040 0x0012
s1-eth3,197,2024-11-18 06:50:51.363,192.168.1.30,192.168.1.10,TCP,66,44818 → 60188 0x0010
s1-eth2,214,2024-11-18 06:50:51.396,192.168.1.10,192.168.1.20,TCP,66,37040 → 44818 0x0010
s1-eth3,198,2024-11-18 06:50:51.366,192.168.1.30,192.168.1.10,ENIP,94,Command: 0x0065
s1-eth3,199,2024-11-18 06:50:51.366,192.168.1.10,192.168.1.30,TCP,66,60188 → 44818 0x0010
s1-eth3,200,2024-11-18 06:50:51.368,192.168.1.10,192.168.1.30,CIPCM,134,Command: 0x006f
s1-eth2,215,2024-11-18 06:50:51.427,192.168.1.10,192.168.1.20,ENIP,94,Command: 0x0065
s1-eth2,216,2024-11-18 06:50:51.427,192.168.1.20,192.168.1.10,TCP,66,44818 → 37040 0x0010
s1-eth2,217,2024-11-18 06:50:51.430,192.168.1.20,192.168.1.10,ENIP,94,Command: 0x0065
s1-eth2,218,2024-11-18 06:50:51.430,192.168.1.10,192.168.1.20,TCP,66,37040 → 44818 0x0010
s1-eth2,219,2024-11-18 06:50:51.431,192.168.1.10,192.168.1.20,CIPCM,134,Command: 0x006f
s1-eth2,220,2024-11-18 06:50:51.445,192.168.1.20,192.168.1.10,CIPCM,116,Command: 0x006f
s1-eth2,221,2024-11-18 06:50:51.450,192.168.1.10,192.168.1.20,TCP,66,37040 → 44818 0x0011
s1-eth3,201,2024-11-18 06:50:51.381,192.168.1.30,192.168.1.10,CIPCM,116,Command: 0x006f
s1-eth3,202,2024-11-18 06:50:51.385,192.168.1.10,192.168.1.30,TCP,66,60188 → 44818 0x0011
s1-eth3,203,2024-11-18 06:50:51.386,192.168.1.30,192.168.1.10,TCP,66,44818 → 60188 0x0011
s1-eth2,222,2024-11-18 06:50:51.461,192.168.1.20,192.168.1.10,TCP,66,44818 → 37040 0x0011
s1-eth2,223,2024-11-18 06:50:51.461,192.168.1.10,192.168.1.20,TCP,66,37040 → 44818 0x0010
s1-eth3,204,2024-11-18 06:50:51.386,192.168.1.10,192.168.1.30,TCP,66,60188 → 44818 0x0010
s1-eth3,205,2024-11-18 06:50:51.694,192.168.1.10,192.168.1.30,TCP,74,60198 → 44818 0x0002
s1-eth3,206,2024-11-18 06:50:51.694,192.168.1.30,192.168.1.10,TCP,74,44818 → 60198 0x0012
s1-eth3,207,2024-11-18 06:50:51.694,192.168.1.10,192.168.1.30,TCP,66,60198 → 44818 0x0010
s1-eth3,208,2024-11-18 06:50:51.724,192.168.1.10,192.168.1.30,ENIP,94,Command: 0x0065
s1-eth3,209,2024-11-18 06:50:51.724,192.168.1.30,192.168.1.10,TCP,66,44818 → 60198 0x0010
s1-eth3,210,2024-11-18 06:50:51.728,192.168.1.30,192.168.1.10,ENIP,94,Command: 0x0065
s1-eth3,211,2024-11-18 06:50:51.728,192.168.1.10,192.168.1.30,TCP,66,60198 → 44818 0x0010
s1-eth3,212,2024-11-18 06:50:51.729,192.168.1.10,192.168.1.30,CIPCM,134,Command: 0x006f
s1-eth3,213,2024-11-18 06:50:51.744,192.168.1.30,192.168.1.10,CIPCM,116,Command: 0x006f
s1-eth3,214,2024-11-18 06:50:51.748,192.168.1.10,192.168.1.30,TCP,66,60198 → 44818 0x0011
s1-eth3,215,2024-11-18 06:50:51.748,192.168.1.30,192.168.1.10,TCP,66,44818 → 60198 0x0011
s1-eth3,216,2024-11-18 06:50:51.748,192.168.1.10,192.168.1.30,TCP,66,60198 → 44818 0x0010
s1-eth2,224,2024-11-18 06:50:52.717,192.168.1.10,192.168.1.20,TCP,74,58862 → 44818 0x0002
s1-eth2,225,2024-11-18 06:50:52.717,192.168.1.20,192.168.1.10,TCP,74,44818 → 58862 0x0012
s1-eth2,226,2024-11-18 06:50:52.717,192.168.1.10,192.168.1.20,TCP,66,58862 → 44818 0x0010
s1-eth2,227,2024-11-18 06:50:52.746,192.168.1.10,192.168.1.20,TCP,74,58868 → 44818 0x0002
s1-eth2,228,2024-11-18 06:50:52.746,192.168.1.20,192.168.1.10,TCP,74,44818 → 58868 0x0012
s1-eth2,229,2024-11-18 06:50:52.746,192.168.1.10,192.168.1.20,TCP,66,58868 → 44818 0x0010
s1-eth2,230,2024-11-18 06:50:52.747,192.168.1.10,192.168.1.20,ENIP,94,Command: 0x0065
s1-eth2,231,2024-11-18 06:50:52.747,192.168.1.20,192.168.1.10,TCP,66,44818 → 58862 0x0010
s1-eth2,232,2024-11-18 06:50:52.750,192.168.1.20,192.168.1.10,ENIP,94,Command: 0x0065
s1-eth2,233,2024-11-18 06:50:52.750,192.168.1.10,192.168.1.20,TCP,66,58862 → 44818 0x0010
s1-eth2,234,2024-11-18 06:50:52.752,192.168.1.10,192.168.1.20,CIPCM,134,Command: 0x006f
s1-eth2,235,2024-11-18 06:50:52.766,192.168.1.20,192.168.1.10,CIPCM,116,Command: 0x006f
s1-eth2,236,2024-11-18 06:50:52.770,192.168.1.10,192.168.1.20,TCP,66,58862 → 44818 0x0011
s1-eth2,237,2024-11-18 06:50:52.770,192.168.1.20,192.168.1.10,TCP,66,44818 → 58862 0x0011
s1-eth2,238,2024-11-18 06:50:52.770,192.168.1.10,192.168.1.20,TCP,66,58862 → 44818 0x0010
s1-eth2,239,2024-11-18 06:50:52.777,192.168.1.10,192.168.1.20,ENIP,94,Command: 0x0065
s1-eth2,240,2024-11-18 06:50:52.777,192.168.1.20,192.168.1.10,TCP,66,44818 → 58868 0x0010
s1-eth2,241,2024-11-18 06:50:52.781,192.168.1.20,192.168.1.10,ENIP,94,Command: 0x0065
s1-eth2,242,2024-11-18 06:50:52.781,192.168.1.10,192.168.1.20,TCP,66,58868 → 44818 0x0010
s1-eth2,243,2024-11-18 06:50:52.782,192.168.1.10,192.168.1.20,CIPCM,134,Command: 0x006f
s1-eth2,244,2024-11-18 06:50:52.796,192.168.1.20,192.168.1.10,CIPCM,116,Command: 0x006f
s1-eth2,245,2024-11-18 06:50:52.801,192.168.1.10,192.168.1.20,TCP,66,58868 → 44818 0x0011
s1-eth2,246,2024-11-18 06:50:52.801,192.168.1.20,192.168.1.10,TCP,66,44818 → 58868 0x0011
s1-eth2,247,2024-11-18 06:50:52.801,192.168.1.10,192.168.1.20,TCP,66,58868 → 44818 0x0010
s1-eth3,217,2024-11-18 06:50:53.008,192.168.1.10,192.168.1.30,TCP,74,50882 → 44818 0x0002
s1-eth3,218,2024-11-18 06:50:53.008,192.168.1.30,192.168.1.10,TCP,74,44818 → 50882 0x0012
s1-eth3,219,2024-11-18 06:50:53.008,192.168.1.10,192.168.1.30,TCP,66,50882 → 44818 0x0010
s1-eth3,220,2024-11-18 06:50:53.038,192.168.1.10,192.168.1.30,ENIP,94,Command: 0x0065
s1-eth3,221,2024-11-18 06:50:53.038,192.168.1.30,192.168.1.10,TCP,66,44818 → 50882 0x0010
s1-eth3,222,2024-11-18 06:50:53.041,192.168.1.30,192.168.1.10,ENIP,94,Command: 0x0065
s1-eth3,223,2024-11-18 06:50:53.041,192.168.1.10,192.168.1.30,TCP,66,50882 → 44818 0x0010
s1-eth2,248,2024-11-18 06:50:53.844,fe80::c87a:deff:fe55:81fe,ff02::fb,MDNS,107,MDNS
s1-eth2,249,2024-11-18 06:50:54.275,192.168.1.10,192.168.1.20,TCP,74,58874 → 44818 0x0002
s1-eth2,250,2024-11-18 06:50:54.275,192.168.1.20,192.168.1.10,TCP,74,44818 → 58874 0x0012
s1-eth2,251,2024-11-18 06:50:54.275,192.168.1.10,192.168.1.20,TCP,66,58874 → 44818 0x0010
s1-eth2,252,2024-11-18 06:50:54.304,192.168.1.10,192.168.1.20,ENIP,94,Command: 0x0065
s1-eth2,253,2024-11-18 06:50:54.304,192.168.1.20,192.168.1.10,TCP,66,44818 → 58874 0x0010
s1-eth2,254,2024-11-18 06:50:54.308,192.168.1.20,192.168.1.10,ENIP,94,Command: 0x0065
s1-eth2,255,2024-11-18 06:50:54.308,192.168.1.10,192.168.1.20,TCP,66,58874 → 44818 0x0010
s1-eth2,256,2024-11-18 06:50:54.309,192.168.1.10,192.168.1.20,CIPCM,134,Command: 0x006f
s1-eth2,257,2024-11-18 06:50:54.325,192.168.1.20,192.168.1.10,CIPCM,116,Command: 0x006f
s1-eth2,258,2024-11-18 06:50:54.330,192.168.1.10,192.168.1.20,TCP,66,58874 → 44818 0x0011
s1-eth2,259,2024-11-18 06:50:54.330,192.168.1.20,192.168.1.10,TCP,66,44818 → 58874 0x0011
s1-eth2,260,2024-11-18 06:50:54.330,192.168.1.10,192.168.1.20,TCP,66,58874 → 44818 0x0010
s1-eth2,261,2024-11-18 06:50:55.113,192.168.1.10,192.168.1.20,TCP,74,58878 → 44818 0x0002
s1-eth2,262,2024-11-18 06:50:55.113,192.168.1.20,192.168.1.10,TCP,74,44818 → 58878 0x0012
s1-eth2,263,2024-11-18 06:50:55.113,192.168.1.10,192.168.1.20,TCP,66,58878 → 44818 0x0010
s1-eth2,264,2024-11-18 06:50:55.144,192.168.1.10,192.168.1.20,ENIP,94,Command: 0x0065
s1-eth2,265,2024-11-18 06:50:55.144,192.168.1.20,192.168.1.10,TCP,66,44818 → 58878 0x0010
s1-eth2,266,2024-11-18 06:50:55.147,192.168.1.20,192.168.1.10,ENIP,94,Command: 0x0065
s1-eth2,267,2024-11-18 06:50:55.147,192.168.1.10,192.168.1.20,TCP,66,58878 → 44818 0x0010
s1-eth2,268,2024-11-18 06:50:55.149,192.168.1.10,192.168.1.20,CIPCM,134,Command: 0x006f
s1-eth2,269,2024-11-18 06:50:55.162,192.168.1.20,192.168.1.10,CIPCM,116,Command: 0x006f
s1-eth2,270,2024-11-18 06:50:55.166,192.168.1.10,192.168.1.20,TCP,66,58878 → 44818 0x0011
s1-eth2,271,2024-11-18 06:50:55.166,192.168.1.20,192.168.1.10,TCP,66,44818 → 58878 0x0011
s1-eth2,272,2024-11-18 06:50:55.166,192.168.1.10,192.168.1.20,TCP,66,58878 → 44818 0x0010
s1-eth2,273,2024-11-18 06:50:55.743,192.168.1.10,192.168.1.20,TCP,74,58890 → 44818 0x0002
s1-eth2,274,2024-11-18 06:50:55.743,192.168.1.20,192.168.1.10,TCP,74,44818 → 58890 0x0012
s1-eth2,275,2024-11-18 06:50:55.743,192.168.1.10,192.168.1.20,TCP,66,58890 → 44818 0x0010
s1-eth2,276,2024-11-18 06:50:55.774,192.168.1.10,192.168.1.20,ENIP,94,Command: 0x0065
s1-eth2,277,2024-11-18 06:50:55.774,192.168.1.20,192.168.1.10,TCP,66,44818 → 58890 0x0010
s1-eth2,278,2024-11-18 06:50:55.777,192.168.1.20,192.168.1.10,ENIP,94,Command: 0x0065
s1-eth2,279,2024-11-18 06:50:55.777,192.168.1.10,192.168.1.20,TCP,66,58890 → 44818 0x0010
s1-eth2,280,2024-11-18 06:50:55.779,192.168.1.10,192.168.1.20,CIPCM,134,Command: 0x006f
s1-eth2,281,2024-11-18 06:50:55.792,192.168.1.20,192.168.1.10,CIPCM,116,Command: 0x006f
s1-eth2,282,2024-11-18 06:50:55.796,192.168.1.10,192.168.1.20,TCP,66,58890 → 44818 0x0011
s1-eth2,283,2024-11-18 06:50:55.797,192.168.1.20,192.168.1.10,TCP,66,44818 → 58890 0x0011
s1-eth2,284,2024-11-18 06:50:55.797,192.168.1.10,192.168.1.20,TCP,66,58890 → 44818 0x0010
s1-eth2,285,2024-11-18 06:50:56.968,192.168.1.10,192.168.1.20,TCP,74,58906 → 44818 0x0002
s1-eth2,286,2024-11-18 06:50:56.968,192.168.1.20,192.168.1.10,TCP,74,44818 → 58906 0x0012
s1-eth2,287,2024-11-18 06:50:56.968,192.168.1.10,192.168.1.20,TCP,66,58906 → 44818 0x0010
s1-eth2,288,2024-11-18 06:50:56.977,192.168.1.10,192.168.1.20,TCP,74,58912 → 44818 0x0002
s1-eth2,289,2024-11-18 06:50:56.977,192.168.1.20,192.168.1.10,TCP,74,44818 → 58912 0x0012
s1-eth2,290,2024-11-18 06:50:56.977,192.168.1.10,192.168.1.20,TCP,66,58912 → 44818 0x0010
s1-eth2,291,2024-11-18 06:50:56.998,192.168.1.10,192.168.1.20,ENIP,94,Command: 0x0065
s1-eth2,292,2024-11-18 06:50:56.998,192.168.1.20,192.168.1.10,TCP,66,44818 → 58906 0x0010
s1-eth2,293,2024-11-18 06:50:57.003,192.168.1.20,192.168.1.10,ENIP,94,Command: 0x0065
s1-eth2,294,2024-11-18 06:50:57.003,192.168.1.10,192.168.1.20,TCP,66,58906 → 44818 0x0010
s1-eth2,295,2024-11-18 06:50:57.004,192.168.1.10,192.168.1.20,CIPCM,134,Command: 0x006f
s1-eth2,296,2024-11-18 06:50:57.007,192.168.1.10,192.168.1.20,ENIP,94,Command: 0x0065
s1-eth2,297,2024-11-18 06:50:57.007,192.168.1.20,192.168.1.10,TCP,66,44818 → 58912 0x0010
s1-eth2,298,2024-11-18 06:50:57.010,192.168.1.20,192.168.1.10,CIPCM,116,Command: 0x006f
s1-eth2,299,2024-11-18 06:50:57.011,192.168.1.20,192.168.1.10,ENIP,94,Command: 0x0065
s1-eth2,300,2024-11-18 06:50:57.011,192.168.1.10,192.168.1.20,TCP,66,58912 → 44818 0x0010
s1-eth2,301,2024-11-18 06:50:57.013,192.168.1.10,192.168.1.20,TCP,66,58906 → 44818 0x0011
s1-eth2,302,2024-11-18 06:50:57.014,192.168.1.20,192.168.1.10,TCP,66,44818 → 58906 0x0011
s1-eth2,303,2024-11-18 06:50:57.014,192.168.1.10,192.168.1.20,TCP,66,58906 → 44818 0x0010
s1-eth2,304,2024-11-18 06:50:57.015,192.168.1.10,192.168.1.20,CIPCM,134,Command: 0x006f
s1-eth2,305,2024-11-18 06:50:57.021,192.168.1.20,192.168.1.10,CIPCM,116,Command: 0x006f
s1-eth2,306,2024-11-18 06:50:57.030,192.168.1.10,192.168.1.20,TCP,66,58912 → 44818 0x0011
s1-eth2,307,2024-11-18 06:50:57.031,192.168.1.20,192.168.1.10,TCP,66,44818 → 58912 0x0011
s1-eth2,308,2024-11-18 06:50:57.031,192.168.1.10,192.168.1.20,TCP,66,58912 → 44818 0x0010
s1-eth2,309,2024-11-18 06:50:57.082,192.168.1.10,192.168.1.20,TCP,74,58918 → 44818 0x0002
s1-eth2,310,2024-11-18 06:50:57.082,192.168.1.20,192.168.1.10,TCP,74,44818 → 58918 0x0012
s1-eth2,311,2024-11-18 06:50:57.082,192.168.1.10,192.168.1.20,TCP,66,58918 → 44818 0x0010
s1-eth2,312,2024-11-18 06:50:57.112,192.168.1.10,192.168.1.20,ENIP,94,Command: 0x0065
s1-eth2,313,2024-11-18 06:50:57.112,192.168.1.20,192.168.1.10,TCP,66,44818 → 58918 0x0010
s1-eth2,314,2024-11-18 06:50:57.116,192.168.1.20,192.168.1.10,ENIP,94,Command: 0x0065
s1-eth2,315,2024-11-18 06:50:57.116,192.168.1.10,192.168.1.20,TCP,66,58918 → 44818 0x0010
s1-eth2,316,2024-11-18 06:50:57.117,192.168.1.10,192.168.1.20,CIPCM,134,Command: 0x006f
s1-eth2,317,2024-11-18 06:50:57.131,192.168.1.20,192.168.1.10,CIPCM,116,Command: 0x006f
s1-eth2,318,2024-11-18 06:50:57.135,192.168.1.10,192.168.1.20,TCP,66,58918 → 44818 0x0011
s1-eth2,319,2024-11-18 06:50:57.136,192.168.1.20,192.168.1.10,TCP,66,44818 → 58918 0x0011
s1-eth2,320,2024-11-18 06:50:57.136,192.168.1.10,192.168.1.20,TCP,66,58918 → 44818 0x0010
s1-eth2,321,2024-11-18 06:50:57.415,192.168.1.10,192.168.1.20,TCP,74,58932 → 44818 0x0002
s1-eth2,322,2024-11-18 06:50:57.415,192.168.1.20,192.168.1.10,TCP,74,44818 → 58932 0x0012
s1-eth2,323,2024-11-18 06:50:57.415,192.168.1.10,192.168.1.20,TCP,66,58932 → 44818 0x0010
s1-eth2,324,2024-11-18 06:50:57.448,192.168.1.10,192.168.1.20,ENIP,94,Command: 0x0065
s1-eth2,325,2024-11-18 06:50:57.448,192.168.1.20,192.168.1.10,TCP,66,44818 → 58932 0x0010
s1-eth2,326,2024-11-18 06:50:57.453,192.168.1.20,192.168.1.10,ENIP,94,Command: 0x0065
s1-eth2,327,2024-11-18 06:50:57.453,192.168.1.10,192.168.1.20,TCP,66,58932 → 44818 0x0010
s1-eth2,328,2024-11-18 06:50:57.456,192.168.1.10,192.168.1.20,CIPCM,134,Command: 0x006f
s1-eth2,329,2024-11-18 06:50:57.472,192.168.1.20,192.168.1.10,CIPCM,116,Command: 0x006f
s1-eth2,330,2024-11-18 06:50:57.485,192.168.1.10,192.168.1.20,TCP,66,58932 → 44818 0x0011
s1-eth2,331,2024-11-18 06:50:57.490,192.168.1.20,192.168.1.10,TCP,66,44818 → 58932 0x0011
s1-eth2,332,2024-11-18 06:50:57.490,192.168.1.10,192.168.1.20,TCP,66,58932 → 44818 0x0010
s1-eth2,333,2024-11-18 06:50:58.282,192.168.1.10,192.168.1.20,TCP,74,58942 → 44818 0x0002
s1-eth2,334,2024-11-18 06:50:58.282,192.168.1.20,192.168.1.10,TCP,74,44818 → 58942 0x0012
s1-eth2,335,2024-11-18 06:50:58.282,192.168.1.10,192.168.1.20,TCP,66,58942 → 44818 0x0010
s1-eth2,336,2024-11-18 06:50:58.294,192.168.1.10,192.168.1.20,TCP,74,58944 → 44818 0x0002
s1-eth2,337,2024-11-18 06:50:58.294,192.168.1.20,192.168.1.10,TCP,74,44818 → 58944 0x0012
s1-eth2,338,2024-11-18 06:50:58.294,192.168.1.10,192.168.1.20,TCP,66,58944 → 44818 0x0010
s1-eth2,339,2024-11-18 06:50:58.310,192.168.1.10,192.168.1.20,TCP,74,58948 → 44818 0x0002
s1-eth2,340,2024-11-18 06:50:58.310,192.168.1.20,192.168.1.10,TCP,74,44818 → 58948 0x0012
s1-eth2,341,2024-11-18 06:50:58.310,192.168.1.10,192.168.1.20,TCP,66,58948 → 44818 0x0010
s1-eth2,342,2024-11-18 06:50:58.312,192.168.1.10,192.168.1.20,ENIP,94,Command: 0x0065
s1-eth2,343,2024-11-18 06:50:58.312,192.168.1.20,192.168.1.10,TCP,66,44818 → 58942 0x0010
s1-eth2,344,2024-11-18 06:50:58.315,192.168.1.20,192.168.1.10,ENIP,94,Command: 0x0065
s1-eth2,345,2024-11-18 06:50:58.315,192.168.1.10,192.168.1.20,TCP,66,58942 → 44818 0x0010
